행정구역,2026년02월_거주자_총인구수,2026년02월_거주자_연령구간인구수,2026년02월_거주자_0세,2026년02월_거주자_1세,2026년02월_거주자_2세,2026년02월_거주자_3세,2026년02월_거주자_4세,2026년02월_거주자_5세,2026년02월_거주자_6세,2026년02월_거주자_7세,2026년02월_거주자_8세,2026년02월_거주자_9세,2026년02월_거주자_10세,2026년02월_거주자_11세,2026년02월_거주자_12세,2026년02월_거주자_13세,2026년02월_거주자_14세,2026년02월_거주자_15세,2026년02월_거주자_16세,2026년02월_거주자_17세,2026년02월_거주자_18세,2026년02월_거주자_19세,2026년02월_거주자_20세,2026년02월_거주자_21세,2026년02월_거주자_22세,2026년02월_거주자_23세,2026년02월_거주자_24세,2026년02월_거주자_25세,2026년02월_거주자_26세,2026년02월_거주자_27세,2026년02월_거주자_28세,2026년02월_거주자_29세,2026년02월_거주자_30세,2026년02월_거주자_31세,2026년02월_거주자_32세,2026년02월_거주자_33세,2026년02월_거주자_34세,2026년02월_거주자_35세,2026년02월_거주자_36세,2026년02월_거주자_37세,2026년02월_거주자_38세,2026년02월_거주자_39세,2026년02월_거주자_40세,2026년02월_거주자_41세,2026년02월_거주자_42세,2026년02월_거주자_43세,2026년02월_거주자_44세,2026년02월_거주자_45세,2026년02월_거주자_46세,2026년02월_거주자_47세,2026년02월_거주자_48세,2026년02월_거주자_49세,2026년02월_거주자_50세,2026년02월_거주자_51세,2026년02월_거주자_52세,2026년02월_거주자_53세,2026년02월_거주자_54세,2026년02월_거주자_55세,2026년02월_거주자_56세,2026년02월_거주자_57세,2026년02월_거주자_58세,2026년02월_거주자_59세,2026년02월_거주자_60세,2026년02월_거주자_61세,2026년02월_거주자_62세,2026년02월_거주자_63세,2026년02월_거주자_64세,2026년02월_거주자_65세,2026년02월_거주자_66세,2026년02월_거주자_67세,2026년02월_거주자_68세,2026년02월_거주자_69세,2026년02월_거주자_70세,2026년02월_거주자_71세,2026년02월_거주자_72세,2026년02월_거주자_73세,2026년02월_거주자_74세,2026년02월_거주자_75세,2026년02월_거주자_76세,2026년02월_거주자_77세,2026년02월_거주자_78세,2026년02월_거주자_79세,2026년02월_거주자_80세,2026년02월_거주자_81세,2026년02월_거주자_82세,2026년02월_거주자_83세,2026년02월_거주자_84세,2026년02월_거주자_85세,2026년02월_거주자_86세,2026년02월_거주자_87세,2026년02월_거주자_88세,2026년02월_거주자_89세,2026년02월_거주자_90세,2026년02월_거주자_91세,2026년02월_거주자_92세,2026년02월_거주자_93세,2026년02월_거주자_94세,2026년02월_거주자_95세,2026년02월_거주자_96세,2026년02월_거주자_97세,2026년02월_거주자_98세,2026년02월_거주자_99세,2026년02월_거주자_100세 이상,2026년03월_거주자_총인구수,2026년03월_거주자_연령구간인구수,2026년03월_거주자_0세,2026년03월_거주자_1세,2026년03월_거주자_2세,2026년03월_거주자_3세,2026년03월_거주자_4세,2026년03월_거주자_5세,2026년03월_거주자_6세,2026년03월_거주자_7세,2026년03월_거주자_8세,2026년03월_거주자_9세,2026년03월_거주자_10세,2026년03월_거주자_11세,2026년03월_거주자_12세,2026년03월_거주자_13세,2026년03월_거주자_14세,2026년03월_거주자_15세,2026년03월_거주자_16세,2026년03월_거주자_17세,2026년03월_거주자_18세,2026년03월_거주자_19세,2026년03월_거주자_20세,2026년03월_거주자_21세,2026년03월_거주자_22세,2026년03월_거주자_23세,2026년03월_거주자_24세,2026년03월_거주자_25세,2026년03월_거주자_26세,2026년03월_거주자_27세,2026년03월_거주자_28세,2026년03월_거주자_29세,2026년03월_거주자_30세,2026년03월_거주자_31세,2026년03월_거주자_32세,2026년03월_거주자_33세,2026년03월_거주자_34세,2026년03월_거주자_35세,2026년03월_거주자_36세,2026년03월_거주자_37세,2026년03월_거주자_38세,2026년03월_거주자_39세,2026년03월_거주자_40세,2026년03월_거주자_41세,2026년03월_거주자_42세,2026년03월_거주자_43세,2026년03월_거주자_44세,2026년03월_거주자_45세,2026년03월_거주자_46세,2026년03월_거주자_47세,2026년03월_거주자_48세,2026년03월_거주자_49세,2026년03월_거주자_50세,2026년03월_거주자_51세,2026년03월_거주자_52세,2026년03월_거주자_53세,2026년03월_거주자_54세,2026년03월_거주자_55세,2026년03월_거주자_56세,2026년03월_거주자_57세,2026년03월_거주자_58세,2026년03월_거주자_59세,2026년03월_거주자_60세,2026년03월_거주자_61세,2026년03월_거주자_62세,2026년03월_거주자_63세,2026년03월_거주자_64세,2026년03월_거주자_65세,2026년03월_거주자_66세,2026년03월_거주자_67세,2026년03월_거주자_68세,2026년03월_거주자_69세,2026년03월_거주자_70세,2026년03월_거주자_71세,2026년03월_거주자_72세,2026년03월_거주자_73세,2026년03월_거주자_74세,2026년03월_거주자_75세,2026년03월_거주자_76세,2026년03월_거주자_77세,2026년03월_거주자_78세,2026년03월_거주자_79세,2026년03월_거주자_80세,2026년03월_거주자_81세,2026년03월_거주자_82세,2026년03월_거주자_83세,2026년03월_거주자_84세,2026년03월_거주자_85세,2026년03월_거주자_86세,2026년03월_거주자_87세,2026년03월_거주자_88세,2026년03월_거주자_89세,2026년03월_거주자_90세,2026년03월_거주자_91세,2026년03월_거주자_92세,2026년03월_거주자_93세,2026년03월_거주자_94세,2026년03월_거주자_95세,2026년03월_거주자_96세,2026년03월_거주자_97세,2026년03월_거주자_98세,2026년03월_거주자_99세,2026년03월_거주자_100세 이상,2026년04월_거주자_총인구수,2026년04월_거주자_연령구간인구수,2026년04월_거주자_0세,2026년04월_거주자_1세,2026년04월_거주자_2세,2026년04월_거주자_3세,2026년04월_거주자_4세,2026년04월_거주자_5세,2026년04월_거주자_6세,2026년04월_거주자_7세,2026년04월_거주자_8세,2026년04월_거주자_9세,2026년04월_거주자_10세,2026년04월_거주자_11세,2026년04월_거주자_12세,2026년04월_거주자_13세,2026년04월_거주자_14세,2026년04월_거주자_15세,2026년04월_거주자_16세,2026년04월_거주자_17세,2026년04월_거주자_18세,2026년04월_거주자_19세,2026년04월_거주자_20세,2026년04월_거주자_21세,2026년04월_거주자_22세,2026년04월_거주자_23세,2026년04월_거주자_24세,2026년04월_거주자_25세,2026년04월_거주자_26세,2026년04월_거주자_27세,2026년04월_거주자_28세,2026년04월_거주자_29세,2026년04월_거주자_30세,2026년04월_거주자_31세,2026년04월_거주자_32세,2026년04월_거주자_33세,2026년04월_거주자_34세,2026년04월_거주자_35세,2026년04월_거주자_36세,2026년04월_거주자_37세,2026년04월_거주자_38세,2026년04월_거주자_39세,2026년04월_거주자_40세,2026년04월_거주자_41세,2026년04월_거주자_42세,2026년04월_거주자_43세,2026년04월_거주자_44세,2026년04월_거주자_45세,2026년04월_거주자_46세,2026년04월_거주자_47세,2026년04월_거주자_48세,2026년04월_거주자_49세,2026년04월_거주자_50세,2026년04월_거주자_51세,2026년04월_거주자_52세,2026년04월_거주자_53세,2026년04월_거주자_54세,2026년04월_거주자_55세,2026년04월_거주자_56세,2026년04월_거주자_57세,2026년04월_거주자_58세,2026년04월_거주자_59세,2026년04월_거주자_60세,2026년04월_거주자_61세,2026년04월_거주자_62세,2026년04월_거주자_63세,2026년04월_거주자_64세,2026년04월_거주자_65세,2026년04월_거주자_66세,2026년04월_거주자_67세,2026년04월_거주자_68세,2026년04월_거주자_69세,2026년04월_거주자_70세,2026년04월_거주자_71세,2026년04월_거주자_72세,2026년04월_거주자_73세,2026년04월_거주자_74세,2026년04월_거주자_75세,2026년04월_거주자_76세,2026년04월_거주자_77세,2026년04월_거주자_78세,2026년04월_거주자_79세,2026년04월_거주자_80세,2026년04월_거주자_81세,2026년04월_거주자_82세,2026년04월_거주자_83세,2026년04월_거주자_84세,2026년04월_거주자_85세,2026년04월_거주자_86세,2026년04월_거주자_87세,2026년04월_거주자_88세,2026년04월_거주자_89세,2026년04월_거주자_90세,2026년04월_거주자_91세,2026년04월_거주자_92세,2026년04월_거주자_93세,2026년04월_거주자_94세,2026년04월_거주자_95세,2026년04월_거주자_96세,2026년04월_거주자_97세,2026년04월_거주자_98세,2026년04월_거주자_99세,2026년04월_거주자_100세 이상
경기도  (4100000000),"13,679,487","13,679,487","77,637","76,215","71,504","78,373","81,316","83,983","90,573","98,215","105,917","118,998","129,093","128,489","126,379","139,812","135,820","137,474","127,546","132,165","140,435","126,869","118,975","125,913","131,635","131,429","147,816","172,624","171,424","174,415","182,774","185,649","194,799","198,938","199,915","206,013","202,740","184,713","184,090","183,251","180,352","181,035","187,761","188,181","210,594","232,041","240,677","236,106","234,936","208,738","215,501","211,106","217,230","231,327","242,656","241,221","250,634","249,236","240,205","242,159","217,787","213,822","213,247","213,732","192,520","209,002","216,415","218,707","198,399","180,332","169,691","153,244","150,378","135,733","108,950","117,083","81,850","83,352","84,249","81,910","82,073","74,862","56,532","58,197","53,526","62,806","52,968","42,315","39,760","34,400","29,255","24,841","20,532","16,354","12,222","9,572","6,628","5,021","3,831","2,770","1,902","1,163","1,932","13,683,482","13,683,482","79,292","76,613","71,134","77,660","81,246","83,907","90,053","97,414","105,016","117,323","128,774","129,168","126,292","138,368","136,241","137,928","127,919","131,584","139,494","127,068","118,913","124,268","131,082","131,078","146,123","170,905","172,233","174,084","182,618","184,833","194,651","199,838","199,821","206,913","204,465","187,368","184,369","183,151","180,326","180,680","187,764","187,384","208,481","229,459","241,099","236,079","236,108","209,850","214,712","208,576","217,612","229,650","242,517","240,707","249,073","249,801","239,620","242,653","218,649","212,350","214,924","214,802","193,779","211,154","210,285","220,934","201,117","182,062","170,188","153,505","146,310","143,891","109,804","115,583","87,131","81,670","84,776","81,593","82,032","76,516","56,489","58,434","53,548","61,645","54,324","42,770","39,616","34,816","29,208","25,133","20,897","16,556","12,505","9,548","6,834","5,035","3,849","2,781","1,926","1,208","1,947","13,689,215","13,689,215","80,767","76,942","71,412","76,863","80,747","84,032","89,311","96,948","104,210","116,025","127,982","129,517","126,551","137,559","136,257","138,509","128,131","131,198","139,623","127,869","119,306","123,123","130,310","130,892","144,736","169,357","172,451","173,360","182,351","184,881","195,174","198,201","200,434","207,199","205,802","189,007","185,309","183,682","179,642","180,529","188,568","186,711","206,596","226,741","241,262","237,489","237,099","211,168","213,636","207,291","217,218","225,866","243,775","242,313","248,738","249,418","238,605","245,699","218,917","212,959","214,421","214,647","189,678","218,313","205,838","222,665","202,304","183,698","171,358","154,547","145,633","146,264","110,583","114,250","91,210","80,018","85,517","81,282","81,996","78,099","55,379","58,023","54,834","60,703","55,360","43,323","39,345","35,157","29,319","25,367","21,023","16,769","12,603","9,608","6,958","5,014","3,850","2,866","1,919","1,236","1,970"
경기도 수원시 (4111000000),"1,180,768","1,180,768","7,005","6,600","5,830","6,311","6,422","6,773","7,277","7,790","8,349","9,400","10,616","10,435","10,101","11,605","11,140","11,420","10,618","11,270","12,133","11,237","10,820","12,096","13,437","13,653","15,635","18,503","18,381","18,758","19,413","19,844","20,719","20,775","20,502","20,874","20,107","17,708","17,284","16,842","16,110","15,826","16,290","16,052","17,297","19,258","20,212","19,640","19,846","17,692","18,443","18,043","18,638","19,454","20,594","20,271","21,192","20,996","20,548","20,538","18,752","18,187","17,760","17,872","15,966","17,131","17,647","17,542","15,636","14,030","12,527","11,360","11,066","9,980","8,012","8,820","6,073","6,150","6,233","6,036","5,908","5,417","4,108","4,226","3,865","4,388","3,776","2,940","2,798","2,415","2,060","1,775","1,425","1,113",882,679,467,334,260,181,125,73,150,"1,180,906","1,180,906","7,152","6,636","5,786","6,231","6,429","6,730","7,204","7,710","8,290","9,282","10,525","10,464","10,144","11,447","11,179","11,457","10,656","11,201","12,087","11,224","10,915","11,926","13,433","13,635","15,535","18,313","18,441","18,672","19,433","19,775","20,702","20,893","20,536","20,992","20,307","17,842","17,324","16,872","16,089","15,767","16,314","15,928","17,143","19,072","20,192","19,613","19,943","17,766","18,383","17,885","18,520","19,451","20,470","20,247","21,049","20,972","20,553","20,610","18,785","18,009","17,846","17,991","16,140","17,317","17,134","17,740","15,853","14,235","12,586","11,298","10,848","10,508","8,046","8,699","6,542","5,982","6,258","6,056","5,883","5,548","4,059","4,287","3,868","4,317","3,850","2,975","2,794","2,460","2,085","1,765","1,468","1,126",917,660,495,344,252,183,127,77,146,"1,180,895","1,180,895","7,276","6,680","5,824","6,177","6,331","6,729","7,143","7,692","8,159","9,212","10,429","10,479","10,175","11,351","11,139","11,530","10,686","11,151","11,981","11,274","10,978","11,809","13,248","13,669","15,499","18,148","18,506","18,579","19,418","19,747","20,809","20,718","20,575","21,061","20,377","18,173","17,277","16,963","16,026","15,749","16,313","15,891","16,961","18,878","20,184","19,731","19,945","17,835","18,340","17,736","18,524","19,109","20,577","20,357","20,982","21,006","20,353","20,901","18,760","18,115","17,761","17,967","15,804","17,962","16,679","17,906","15,980","14,335","12,749","11,346","10,746","10,745","8,123","8,540","6,868","5,851","6,340","6,036","5,916","5,632","3,989","4,251","3,952","4,299","3,898","3,025","2,747","2,481","2,091","1,777","1,483","1,158",902,680,506,332,251,183,137,78,144
경기도 수원시 장안구 (4111100000),"269,650","269,650","1,216","1,220","1,049","1,170","1,271","1,339","1,404","1,482","1,611","1,834","2,170","2,146","2,203","2,500","2,460","2,597","2,482","2,788","2,948","2,852","2,761","3,096","3,531","3,523","3,920","4,452","4,117","4,072","4,108","3,918","4,036","3,993","3,835","3,946","3,738","3,313","3,229","3,109","3,049","2,987","3,134","3,063","3,419","3,821","4,061","4,124","4,207","3,829","4,139","4,150","4,365","4,604","5,004","4,901","5,206","5,110","5,143","5,268","4,835","4,621","4,443","4,505","4,044","4,356","4,455","4,438","4,044","3,611","3,197","2,994","2,913","2,557","2,064","2,420","1,562","1,680","1,745","1,628","1,618","1,550","1,133","1,224","1,148","1,340","1,119",884,822,725,620,559,466,348,251,203,160,103,83,54,45,20,40,"269,415","269,415","1,246","1,215","1,023","1,169","1,264","1,322","1,403","1,455","1,585","1,797","2,170","2,125","2,210","2,453","2,493","2,574","2,494","2,750","2,945","2,858","2,799","3,066","3,562","3,485","3,875","4,394","4,129","4,071","4,126","3,893","4,021","4,012","3,853","3,943","3,786","3,315","3,212","3,117","3,062","2,957","3,143","3,042","3,383","3,756","4,046","4,114","4,219","3,846","4,128","4,080","4,325","4,581","4,981","4,886","5,202","5,086","5,127","5,246","4,858","4,581","4,456","4,569","4,052","4,428","4,295","4,512","4,107","3,630","3,225","2,969","2,867","2,715","2,059","2,354","1,703","1,633","1,739","1,664","1,598","1,571","1,109","1,249","1,153","1,315","1,135",888,834,744,628,538,486,356,259,204,163,109,77,60,45,20,38,"269,163","269,163","1,275","1,222","1,034","1,159","1,245","1,318","1,390","1,442","1,579","1,770","2,162","2,129","2,186","2,456","2,462","2,597","2,498","2,717","2,900","2,872","2,814","3,046","3,461","3,525","3,835","4,359","4,147","4,007","4,110","3,946","4,003","4,010","3,861","3,926","3,783","3,410","3,228","3,112","3,035","2,970","3,141","2,994","3,354","3,730","4,000","4,152","4,225","3,855","4,089","4,053","4,322","4,479","4,953","4,953","5,159","5,114","5,055","5,280","4,887","4,580","4,431","4,569","3,968","4,585","4,202","4,549","4,155","3,651","3,256","2,981","2,826","2,772","2,090","2,305","1,789","1,611","1,754","1,664","1,599","1,580","1,097","1,233","1,168","1,324","1,139",911,809,750,637,548,482,368,260,206,167,106,78,62,47,22,36
경기도 수원시 권선구 (4111300000),"359,244","359,244","2,113","1,966","1,799","1,831","1,829","1,936","1,989","2,205","2,390","2,795","3,156","3,094","2,936","3,410","3,287","3,214","2,993","3,114","3,389","3,107","2,893","3,114","3,492","3,566","4,117","4,873","5,187","5,377","5,825","6,076","6,402","6,442","6,432","6,418","6,271","5,437","5,139","5,061","4,843","4,773","5,037","4,987","5,379","5,974","6,188","6,127","6,014","5,394","5,353","5,294","5,457","5,720","6,065","6,095","6,441","6,396","6,297","6,437","6,045","5,977","5,940","5,865","5,204","5,752","5,927","5,942","5,304","4,712","4,276","3,760","3,799","3,349","2,633","2,879","2,045","1,940","1,995","1,930","1,910","1,681","1,291","1,318","1,152","1,308","1,124",856,836,740,611,510,408,332,272,212,125,96,90,45,37,25,45,"359,110","359,110","2,120","1,996","1,781","1,787","1,837","1,902","1,963","2,185","2,380","2,751","3,100","3,120","2,955","3,349","3,297","3,272","2,980","3,084","3,384","3,065","2,943","3,100","3,431","3,560","4,117","4,801","5,179","5,322","5,758","6,074","6,383","6,483","6,426","6,441","6,320","5,450","5,168","5,102","4,831","4,723","5,065","4,936","5,308","5,894","6,212","6,090","6,060","5,449","5,331","5,248","5,436","5,713","6,018","6,127","6,389","6,364","6,305","6,481","6,025","5,982","5,934","5,882","5,303","5,770","5,773","6,022","5,344","4,808","4,281","3,763","3,683","3,518","2,674","2,838","2,207","1,908","1,995","1,940","1,898","1,726","1,280","1,324","1,161","1,268","1,163",870,818,756,620,524,412,332,286,202,142,98,84,43,36,26,45,"359,082","359,082","2,163","1,968","1,784","1,791","1,790","1,906","1,942","2,179","2,328","2,736","3,083","3,099","2,994","3,339","3,285","3,298","3,004","3,073","3,350","3,085","2,961","3,044","3,435","3,507","4,139","4,757","5,166","5,304","5,737","6,019","6,404","6,399","6,444","6,490","6,317","5,551","5,170","5,095","4,829","4,694","5,062","4,926","5,265","5,803","6,255","6,127","6,061","5,455","5,368","5,170","5,460","5,577","6,105","6,115","6,407","6,348","6,221","6,572","6,037","5,984","5,940","5,886","5,205","5,959","5,573","6,116","5,388","4,839","4,376","3,749","3,661","3,624","2,723","2,768","2,313","1,876","2,007","1,953","1,879","1,785","1,234","1,317","1,190","1,249","1,194",882,808,760,610,535,412,335,282,206,150,88,81,46,37,27,42
경기도 수원시 팔달구 (4111500000),"191,169","191,169","1,114","1,005",883,853,863,989,"1,083","1,113","1,141","1,208","1,235","1,136","1,079","1,317","1,232","1,293","1,326","1,346","1,614","1,511","1,585","1,885","2,161","2,309","2,742","3,252","3,359","3,404","3,479","3,588","3,735","3,739","3,630","3,679","3,416","3,078","2,980","2,720","2,618","2,516","2,498","2,454","2,632","2,697","2,848","2,710","2,768","2,437","2,603","2,583","2,779","3,071","3,225","3,123","3,392","3,414","3,277","3,309","2,978","3,004","2,862","2,967","2,665","2,899","3,100","3,088","2,812","2,587","2,320","2,178","2,052","2,017","1,626","1,802","1,245","1,272","1,288","1,222","1,273","1,111",861,868,823,908,782,633,570,482,412,359,268,210,179,127,85,53,46,30,22,14,33,"191,691","191,691","1,157","1,015",865,876,852,992,"1,075","1,090","1,154","1,192","1,253","1,152","1,057","1,318","1,234","1,278","1,329","1,368","1,599","1,523","1,602","1,840","2,202","2,320","2,714","3,265","3,384","3,395","3,519","3,578","3,752","3,738","3,646","3,725","3,456","3,142","3,001","2,714","2,625","2,521","2,478","2,444","2,598","2,732","2,804","2,730","2,803","2,430","2,610","2,558","2,760","3,077","3,220","3,104","3,364","3,397","3,319","3,316","2,981","2,960","2,894","3,034","2,670","2,943","2,982","3,140","2,841","2,617","2,346","2,156","2,033","2,118","1,637","1,768","1,333","1,252","1,285","1,189","1,282","1,147",868,866,832,897,801,635,570,491,414,357,285,203,185,131,84,54,46,33,22,14,33,"191,929","191,929","1,158","1,051",871,842,855,965,"1,074","1,087","1,126","1,199","1,243","1,157","1,063","1,312","1,222","1,288","1,337","1,379","1,579","1,525","1,607","1,829","2,176","2,309","2,732","3,239","3,377","3,457","3,490","3,589","3,826","3,708","3,649","3,758","3,497","3,162","2,989","2,781","2,591","2,497","2,501","2,464","2,538","2,724","2,821","2,725","2,831","2,451","2,580","2,579","2,751","3,016","3,250","3,143","3,324","3,424","3,286","3,376","2,976","2,971","2,892","3,017","2,596","3,075","2,919","3,127","2,863","2,650","2,333","2,180","1,996","2,152","1,640","1,745","1,404","1,209","1,312","1,193","1,286","1,170",864,854,848,887,804,649,553,502,420,345,298,212,177,142,86,54,44,31,25,11,37
경기도 수원시 영통구 (4111700000),"360,705","360,705","2,562","2,409","2,099","2,457","2,459","2,509","2,801","2,990","3,207","3,563","4,055","4,059","3,883","4,378","4,161","4,316","3,817","4,022","4,182","3,767","3,581","4,001","4,253","4,255","4,856","5,926","5,718","5,905","6,001","6,262","6,546","6,601","6,605","6,831","6,682","5,880","5,936","5,952","5,600","5,550","5,621","5,548","5,867","6,766","7,115","6,679","6,857","6,032","6,348","6,016","6,037","6,059","6,300","6,152","6,153","6,076","5,831","5,524","4,894","4,585","4,515","4,535","4,053","4,124","4,165","4,074","3,476","3,120","2,734","2,428","2,302","2,057","1,689","1,719","1,221","1,258","1,205","1,256","1,107","1,075",823,816,742,832,751,567,570,468,417,347,283,223,180,137,97,82,41,52,21,14,32,"360,690","360,690","2,629","2,410","2,117","2,399","2,476","2,514","2,763","2,980","3,171","3,542","4,002","4,067","3,922","4,327","4,155","4,333","3,853","3,999","4,159","3,778","3,571","3,920","4,238","4,270","4,829","5,853","5,749","5,884","6,030","6,230","6,546","6,660","6,611","6,883","6,745","5,935","5,943","5,939","5,571","5,566","5,628","5,506","5,854","6,690","7,130","6,679","6,861","6,041","6,314","5,999","5,999","6,080","6,251","6,130","6,094","6,125","5,802","5,567","4,921","4,486","4,562","4,506","4,115","4,176","4,084","4,066","3,561","3,180","2,734","2,410","2,265","2,157","1,676","1,739","1,299","1,189","1,239","1,263","1,105","1,104",802,848,722,837,751,582,572,469,423,346,285,235,187,123,106,83,45,47,24,17,30,"360,721","360,721","2,680","2,439","2,135","2,385","2,441","2,540","2,737","2,984","3,126","3,507","3,941","4,094","3,932","4,244","4,170","4,347","3,847","3,982","4,152","3,792","3,596","3,890","4,176","4,328","4,793","5,793","5,816","5,811","6,081","6,193","6,576","6,601","6,621","6,887","6,780","6,050","5,890","5,975","5,571","5,588","5,609","5,507","5,804","6,621","7,108","6,727","6,828","6,074","6,303","5,934","5,991","6,037","6,269","6,146","6,092","6,120","5,791","5,673","4,860","4,580","4,498","4,495","4,035","4,343","3,985","4,114","3,574","3,195","2,784","2,436","2,263","2,197","1,670","1,722","1,362","1,155","1,267","1,226","1,152","1,097",794,847,746,839,761,583,577,469,424,349,291,243,183,126,103,84,48,44,28,18,29
경기도 성남시 (4113000000),"900,637","900,637","5,013","4,863","4,357","4,750","5,080","5,200","5,579","5,947","6,286","7,013","7,796","7,690","7,834","8,457","8,157","8,494","7,774","8,127","8,736","7,952","7,367","8,436","8,623","8,540","9,427","11,470","11,680","12,414","12,936","13,304","13,800","14,068","13,915","14,449","14,192","12,921","13,016","12,607","12,463","12,392","12,585","12,700","13,769","14,805","15,239","15,012","14,937","13,442","13,586","13,730","13,631","14,641","15,323","15,406","16,197","16,156","15,555","15,190","13,885","13,331","13,332","13,406","12,509","13,412","14,088","14,574","13,277","12,221","11,883","10,607","10,457","9,662","7,750","8,251","5,873","6,109","6,174","6,051","5,992","5,394","4,086","4,154","3,785","4,290","3,640","2,888","2,743","2,336","1,974","1,690","1,371","1,158",834,713,463,374,315,177,150,87,142,"899,956","899,956","5,130","4,893","4,360","4,747","5,089","5,196","5,508","5,945","6,215","6,901","7,828","7,706","7,795","8,364","8,215","8,511","7,719","8,098","8,737","8,008","7,376","8,258","8,555","8,576","9,307","11,279","11,795","12,269","12,930","13,120","13,879","14,054","13,905","14,594","14,201","13,143","12,999","12,574","12,478","12,391","12,603","12,622","13,657","14,625","15,289","15,042","14,985","13,471","13,439","13,537","13,574","14,564","15,249","15,354","16,037","16,144","15,578","15,151","13,894","13,257","13,413","13,431","12,575","13,434","13,717","14,700","13,368","12,327","11,851","10,640","10,115","10,207","7,823","8,164","6,232","5,983","6,207","6,018","5,977","5,519","4,103","4,186","3,766","4,208","3,752","2,911","2,721","2,376","1,949","1,721","1,382","1,175",859,688,484,373,327,165,152,92,145,"899,060","899,060","5,298","4,869","4,385","4,716","5,058","5,173","5,469","5,913","6,168","6,825","7,757","7,735","7,804","8,325","8,228","8,546","7,706","8,084","8,657","8,043","7,367","8,108","8,521","8,597","9,240","11,115","11,821","12,126","12,871","13,060","13,959","13,798","13,920","14,543","14,248","13,237","13,084","12,572","12,437","12,401","12,636","12,470","13,600","14,476","15,224","15,195","14,993","13,614","13,310","13,432","13,527","14,373","15,292","15,323","15,997","16,103","15,459","15,429","13,868","13,277","13,428","13,317","12,376","13,772","13,468","14,775","13,413","12,391","11,895","10,703","10,106","10,323","7,780","8,158","6,477","5,824","6,279","5,994","5,936","5,671","4,025","4,148","3,870","4,143","3,783","2,943","2,678","2,436","1,941","1,738","1,386","1,180",875,674,489,390,331,175,153,88,146
경기도 성남시 수정구 (4113100000),"232,792","232,792","1,334","1,287","1,129","1,203","1,300","1,337","1,333","1,324","1,356","1,484","1,580","1,497","1,436","1,649","1,489","1,659","1,483","1,552","1,850","1,790","1,682","2,193","2,334","2,350","2,604","3,047","3,184","3,309","3,416","3,577","3,651","3,783","3,823","3,929","3,852","3,546","3,475","3,382","3,285","3,241","3,247","3,182","3,392","3,661","3,724","3,637","3,476","3,147","3,172","3,171","3,220","3,534","3,674","3,846","4,050","4,070","4,023","3,959","3,774","3,759","3,693","3,818","3,506","3,758","4,048","4,286","3,812","3,592","3,402","3,221","3,021","2,965","2,298","2,495","1,828","1,848","1,835","1,826","1,794","1,546","1,172","1,164","1,044","1,246",960,756,703,600,452,367,321,262,193,156,86,78,70,43,30,20,24,"233,058","233,058","1,373","1,289","1,146","1,180","1,321","1,346","1,318","1,332","1,354","1,452","1,585","1,534","1,401","1,619","1,519","1,666","1,480","1,557","1,878","1,837","1,700","2,111","2,354","2,349","2,577","2,990","3,235","3,300","3,430","3,555","3,696","3,734","3,825","3,959","3,853","3,619","3,462","3,386","3,315","3,246","3,238","3,166","3,388","3,601","3,776","3,626","3,503","3,169","3,127","3,142","3,196","3,512","3,663","3,841","4,065","4,030","4,013","3,934","3,757","3,736","3,777","3,803","3,540","3,776","3,953","4,306","3,855","3,582","3,423","3,235","2,896","3,155","2,333","2,472","1,922","1,803","1,877","1,816","1,764","1,614","1,177","1,172","1,040","1,217","1,018",731,704,620,450,373,316,263,204,144,95,76,71,38,33,18,30,"232,907","232,907","1,435","1,261","1,174","1,165","1,295","1,338","1,316","1,307","1,353","1,444","1,559","1,553","1,419","1,599","1,513","1,676","1,498","1,529","1,848","1,843","1,695","2,067","2,341","2,351","2,554","2,977","3,207","3,269","3,405","3,541","3,678","3,687","3,859","3,990","3,826","3,635","3,507","3,383","3,309","3,233","3,229","3,167","3,341","3,572","3,770","3,665","3,484","3,202","3,102","3,107","3,208","3,432","3,721","3,801","4,091","3,995","4,007","4,015","3,741","3,739","3,784","3,758","3,492","3,878","3,885","4,293","3,878","3,634","3,430","3,223","2,955","3,129","2,365","2,463","1,992","1,779","1,895","1,816","1,748","1,658","1,152","1,178","1,064","1,207","1,009",757,689,643,455,375,310,267,200,150,94,79,72,42,36,15,30
경기도 성남시 중원구 (4113300000),"201,555","201,555","1,063",980,908,929,910,921,971,"1,006","1,078","1,196","1,265","1,212","1,268","1,380","1,399","1,439","1,333","1,460","1,631","1,536","1,511","1,677","1,840","1,890","2,116","2,600","2,803","2,762","3,045","3,241","3,365","3,478","3,365","3,419","3,261","2,968","2,904","2,716","2,749","2,593","2,668","2,623","2,929","3,152","3,100","2,935","2,980","2,685","2,705","2,737","2,826","3,050","3,341","3,330","3,507","3,566","3,435","3,607","3,371","3,297","3,421","3,361","3,043","3,623","3,748","3,930","3,620","3,266","3,162","2,715","2,789","2,600","2,007","2,151","1,585","1,660","1,678","1,558","1,487","1,385",977,"1,050",951,"1,081",899,683,646,509,435,395,270,226,159,113,93,60,61,41,28,19,38,"201,037","201,037","1,087",981,893,941,911,907,953,"1,005","1,036","1,195","1,273","1,193","1,269","1,356","1,396","1,464","1,316","1,431","1,634","1,546","1,509","1,660","1,803","1,891","2,098","2,508","2,828","2,723","3,049","3,172","3,363","3,493","3,372","3,438","3,295","3,008","2,888","2,678","2,756","2,576","2,676","2,593","2,875","3,134","3,062","2,962","2,968","2,701","2,698","2,658","2,847","3,002","3,341","3,307","3,453","3,509","3,453","3,581","3,383","3,222","3,421","3,429","3,006","3,656","3,593","3,977","3,648","3,321","3,154","2,724","2,686","2,723","2,018","2,137","1,681","1,613","1,675","1,566","1,486","1,411",958,"1,083",930,"1,055",936,691,662,519,440,382,285,233,165,115,93,58,62,37,30,20,38,"200,669","200,669","1,113",986,876,938,903,908,954,"1,000","1,016","1,179","1,293","1,192","1,261","1,345","1,403","1,469","1,300","1,420","1,618","1,559","1,495","1,657","1,772","1,879","2,069","2,480","2,872","2,691","3,029","3,146","3,399","3,438","3,341","3,451","3,289","3,023","2,909","2,691","2,742","2,597","2,666","2,542","2,860","3,098","3,064","2,985","2,960","2,704","2,665","2,641","2,865","2,936","3,347","3,285","3,453","3,476","3,428","3,643","3,372","3,210","3,415","3,406","2,933","3,730","3,510","4,032","3,654","3,276","3,198","2,767","2,638","2,791","1,974","2,134","1,750","1,568","1,683","1,571","1,492","1,447",933,"1,058",961,"1,043",940,700,645,542,447,375,297,230,176,108,90,61,65,39,31,14,42
경기도 성남시 분당구 (4113500000),"466,290","466,290","2,616","2,596","2,320","2,618","2,870","2,942","3,275","3,617","3,852","4,333","4,951","4,981","5,130","5,428","5,269","5,396","4,958","5,115","5,255","4,626","4,174","4,566","4,449","4,300","4,707","5,823","5,693","6,343","6,475","6,486","6,784","6,807","6,727","7,101","7,079","6,407","6,637","6,509","6,429","6,558","6,670","6,895","7,448","7,992","8,415","8,440","8,481","7,610","7,709","7,822","7,585","8,057","8,308","8,230","8,640","8,520","8,097","7,624","6,740","6,275","6,218","6,227","5,960","6,031","6,292","6,358","5,845","5,363","5,319","4,671","4,647","4,097","3,445","3,605","2,460","2,601","2,661","2,667","2,711","2,463","1,937","1,940","1,790","1,963","1,781","1,449","1,394","1,227","1,087",928,780,670,482,444,284,236,184,93,92,48,80,"465,861","465,861","2,670","2,623","2,321","2,626","2,857","2,943","3,237","3,608","3,825","4,254","4,970","4,979","5,125","5,389","5,300","5,381","4,923","5,110","5,225","4,625","4,167","4,487","4,398","4,336","4,632","5,781","5,732","6,246","6,451","6,393","6,820","6,827","6,708","7,197","7,053","6,516","6,649","6,510","6,407","6,569","6,689","6,863","7,394","7,890","8,451","8,454","8,514","7,601","7,614","7,737","7,531","8,050","8,245","8,206","8,519","8,605","8,112","7,636","6,754","6,299","6,215","6,199","6,029","6,002","6,171","6,417","5,865","5,424","5,274","4,681","4,533","4,329","3,472","3,555","2,629","2,567","2,655","2,636","2,727","2,494","1,968","1,931","1,796","1,936","1,798","1,489","1,355","1,237","1,059",966,781,679,490,429,296,239,194,90,89,54,77,"465,484","465,484","2,750","2,622","2,335","2,613","2,860","2,927","3,199","3,606","3,799","4,202","4,905","4,990","5,124","5,381","5,312","5,401","4,908","5,135","5,191","4,641","4,177","4,384","4,408","4,367","4,617","5,658","5,742","6,166","6,437","6,373","6,882","6,673","6,720","7,102","7,133","6,579","6,668","6,498","6,386","6,571","6,741","6,761","7,399","7,806","8,390","8,545","8,549","7,708","7,543","7,684","7,454","8,005","8,224","8,237","8,453","8,632","8,024","7,771","6,755","6,328","6,229","6,153","5,951","6,164","6,073","6,450","5,881","5,481","5,267","4,713","4,513","4,403","3,441","3,561","2,735","2,477","2,701","2,607","2,696","2,566","1,940","1,912","1,845","1,893","1,834","1,486","1,344","1,251","1,039",988,779,683,499,416,305,250,194,94,86,59,74
경기도 의정부시 (4115000000),"459,176","459,176","2,175","2,270","2,191","2,467","2,526","2,631","2,732","2,974","3,123","3,496","3,777","3,785","3,628","4,042","3,985","4,194","3,754","3,968","4,370","4,135","3,922","4,280","4,612","4,723","5,354","6,025","5,918","5,847","6,200","6,164","6,318","6,409","6,355","6,479","6,437","5,728","5,807","5,471","5,635","5,643","5,763","5,831","6,621","7,109","7,457","7,423","7,187","6,511","6,652","6,561","6,907","7,657","8,162","8,428","8,822","8,752","8,418","8,576","7,783","7,693","7,638","7,581","6,999","7,597","7,658","7,997","7,203","6,548","6,305","5,717","5,587","5,185","4,106","4,399","3,038","3,264","3,251","3,284","3,340","3,064","2,387","2,440","2,186","2,566","2,169","1,720","1,620","1,378","1,181",951,770,598,444,360,200,191,122,102,73,36,58,"459,054","459,054","2,236","2,235","2,204","2,428","2,520","2,614","2,741","2,958","3,076","3,448","3,766","3,767","3,660","3,980","3,997","4,158","3,789","3,951","4,342","4,118","3,957","4,189","4,592","4,700","5,301","5,950","5,907","5,898","6,120","6,148","6,289","6,409","6,347","6,528","6,520","5,765","5,858","5,453","5,648","5,563","5,808","5,834","6,532","7,015","7,466","7,392","7,237","6,555","6,638","6,494","6,901","7,631","8,144","8,369","8,789","8,752","8,415","8,559","7,804","7,692","7,657","7,611","7,056","7,669","7,456","8,078","7,338","6,565","6,310","5,706","5,442","5,500","4,120","4,354","3,229","3,174","3,281","3,274","3,332","3,090","2,372","2,438","2,216","2,512","2,196","1,769","1,619","1,416","1,156",972,773,605,463,353,210,186,125,109,72,36,57,"459,346","459,346","2,286","2,256","2,208","2,403","2,508","2,612","2,725","2,934","3,067","3,430","3,740","3,762","3,680","3,931","4,026","4,146","3,793","3,977","4,318","4,101","4,027","4,133","4,579","4,648","5,215","5,916","5,926","5,896","6,089","6,130","6,366","6,354","6,353","6,493","6,607","5,804","5,903","5,443","5,632","5,552","5,838","5,803","6,500","6,917","7,450","7,429","7,300","6,608","6,619","6,459","6,865","7,514","8,174","8,440","8,727","8,816","8,347","8,672","7,826","7,703","7,600","7,607","6,928","7,884","7,398","8,037","7,428","6,623","6,378","5,772","5,384","5,573","4,181","4,364","3,302","3,132","3,301","3,250","3,340","3,184","2,290","2,476","2,253","2,430","2,267","1,797","1,620","1,413","1,171",973,780,619,470,340,222,180,137,94,79,38,55
경기도 안양시 (4117000000),"560,949","560,949","3,876","3,557","3,070","3,281","3,170","3,230","3,311","3,626","3,822","4,235","4,831","4,678","4,569","4,963","4,969","5,076","4,700","4,950","5,316","5,012","4,827","4,953","5,457","5,279","5,849","6,979","6,856","7,230","7,649","8,078","8,483","8,842","9,088","9,317","9,396","8,493","8,504","8,330","8,183","7,847","7,873","7,558","8,403","8,759","9,074","8,746","8,527","7,696","8,049","8,033","8,222","8,874","9,370","9,422","9,937","10,008","9,691","10,002","9,116","8,840","9,003","9,086","8,116","9,190","9,545","9,990","9,027","8,198","7,545","6,782","6,750","6,051","4,815","5,015","3,607","3,681","3,555","3,357","3,368","3,103","2,156","2,263","2,114","2,455","2,069","1,597","1,556","1,348","1,180",967,835,673,498,410,287,203,172,111,75,47,67,"560,242","560,242","3,940","3,534","3,082","3,232","3,176","3,203","3,351","3,536","3,858","4,161","4,800","4,701","4,593","4,864","4,984","5,081","4,715","4,956","5,316","4,933","4,845","4,879","5,371","5,239","5,758","6,913","6,824","7,239","7,598","8,022","8,400","8,875","9,103","9,337","9,402","8,708","8,450","8,374","8,146","7,834","7,886","7,562","8,276","8,649","9,071","8,721","8,583","7,727","8,049","7,861","8,226","8,767","9,378","9,380","9,856","10,010","9,610","9,903","9,195","8,752","9,088","9,051","8,191","9,210","9,242","10,023","9,152","8,272","7,573","6,813","6,595","6,390","4,816","4,976","3,809","3,609","3,611","3,366","3,337","3,176","2,184","2,234","2,150","2,398","2,097","1,637","1,533","1,342","1,209",986,819,679,499,405,294,203,171,115,74,46,72,"560,007","560,007","4,028","3,575","3,093","3,236","3,134","3,246","3,347","3,489","3,844","4,122","4,763","4,697","4,613","4,806","5,009","5,085","4,706","4,960","5,308","4,852","4,851","4,884","5,242","5,272","5,656","6,833","6,828","7,190","7,602","8,026","8,438","8,779","9,032","9,414","9,410","8,787","8,533","8,357","8,124","7,879","7,939","7,575","8,204","8,580","9,080","8,719","8,663","7,772","7,977","7,770","8,215","8,643","9,399","9,411","9,831","9,964","9,506","10,061","9,108","8,811","9,049","8,998","7,964","9,509","9,038","10,055","9,237","8,320","7,634","6,834","6,551","6,480","4,871","4,955","3,957","3,524","3,653","3,351","3,341","3,208","2,158","2,223","2,174","2,351","2,153","1,666","1,492","1,385","1,187","1,003",835,689,483,421,289,209,168,119,72,48,75
경기도 안양시 만안구 (4117100000),"232,502","232,502","1,524","1,329","1,170","1,188","1,156","1,175","1,114","1,188","1,231","1,345","1,466","1,469","1,377","1,549","1,576","1,606","1,594","1,702","1,945","1,964","1,851","2,037","2,286","2,221","2,456","2,986","2,907","3,088","3,279","3,406","3,531","3,751","3,847","3,833","3,787","3,330","3,355","3,306","3,155","3,010","3,022","2,767","3,145","3,296","3,403","3,312","3,123","2,878","3,034","3,120","3,124","3,399","3,724","3,829","4,131","4,182","4,107","4,361","3,982","4,088","4,104","4,140","3,777","4,242","4,391","4,742","4,244","3,881","3,640","3,203","3,151","2,939","2,376","2,491","1,856","1,860","1,797","1,703","1,754","1,563","1,121","1,133","1,080","1,283","1,033",797,782,681,599,469,396,315,240,178,130,80,77,52,27,24,34,"232,306","232,306","1,511","1,329","1,179","1,174","1,161","1,152","1,142","1,169","1,236","1,305","1,468","1,466","1,384","1,515","1,563","1,644","1,587","1,708","1,947","1,941","1,885","1,992","2,238","2,225","2,410","2,957","2,908","3,119","3,254","3,365","3,481","3,763","3,867","3,854","3,751","3,433","3,323","3,310","3,160","2,979","3,021","2,798","3,068","3,265","3,340","3,322","3,195","2,883","3,044","3,020","3,142","3,387","3,690","3,794","4,112","4,187","4,074","4,330","4,033","4,022","4,165","4,107","3,800","4,274","4,263","4,770","4,293","3,904","3,647","3,217","3,087","3,118","2,356","2,487","1,941","1,829","1,834","1,717","1,727","1,615","1,117","1,129","1,110","1,252","1,056",803,776,691,595,478,401,313,242,179,131,83,75,53,27,23,39,"232,265","232,265","1,549","1,369","1,172","1,182","1,159","1,154","1,121","1,148","1,256","1,280","1,474","1,452","1,399","1,485","1,584","1,626","1,567","1,722","1,958","1,902","1,886","1,973","2,207","2,242","2,387","2,892","2,941","3,062","3,259","3,378","3,488","3,718","3,824","3,918","3,745","3,478","3,365","3,292","3,150","2,998","3,040","2,775","3,036","3,225","3,382","3,295","3,206","2,920","3,001","2,973","3,161","3,347","3,707","3,778","4,099","4,181","4,049","4,386","3,998","4,041","4,163","4,059","3,682","4,478","4,157","4,793","4,307","3,962","3,650","3,217","3,069","3,158","2,389","2,470","2,009","1,797","1,840","1,729","1,746","1,615","1,118","1,128","1,110","1,225","1,105",812,756,703,595,482,405,323,229,188,128,89,70,56,28,22,41
경기도 안양시 동안구 (4117300000),"328,447","328,447","2,352","2,228","1,900","2,093","2,014","2,055","2,197","2,438","2,591","2,890","3,365","3,209","3,192","3,414","3,393","3,470","3,106","3,248","3,371","3,048","2,976","2,916","3,171","3,058","3,393","3,993","3,949","4,142","4,370","4,672","4,952","5,091","5,241","5,484","5,609","5,163","5,149","5,024","5,028","4,837","4,851","4,791","5,258","5,463","5,671","5,434","5,404","4,818","5,015","4,913","5,098","5,475","5,646","5,593","5,806","5,826","5,584","5,641","5,134","4,752","4,899","4,946","4,339","4,948","5,154","5,248","4,783","4,317","3,905","3,579","3,599","3,112","2,439","2,524","1,751","1,821","1,758","1,654","1,614","1,540","1,035","1,130","1,034","1,172","1,036",800,774,667,581,498,439,358,258,232,157,123,95,59,48,23,33,"327,936","327,936","2,429","2,205","1,903","2,058","2,015","2,051","2,209","2,367","2,622","2,856","3,332","3,235","3,209","3,349","3,421","3,437","3,128","3,248","3,369","2,992","2,960","2,887","3,133","3,014","3,348","3,956","3,916","4,120","4,344","4,657","4,919","5,112","5,236","5,483","5,651","5,275","5,127","5,064","4,986","4,855","4,865","4,764","5,208","5,384","5,731","5,399","5,388","4,844","5,005","4,841","5,084","5,380","5,688","5,586","5,744","5,823","5,536","5,573","5,162","4,730","4,923","4,944","4,391","4,936","4,979","5,253","4,859","4,368","3,926","3,596","3,508","3,272","2,460","2,489","1,868","1,780","1,777","1,649","1,610","1,561","1,067","1,105","1,040","1,146","1,041",834,757,651,614,508,418,366,257,226,163,120,96,62,47,23,33,"327,742","327,742","2,479","2,206","1,921","2,054","1,975","2,092","2,226","2,341","2,588","2,842","3,289","3,245","3,214","3,321","3,425","3,459","3,139","3,238","3,350","2,950","2,965","2,911","3,035","3,030","3,269","3,941","3,887","4,128","4,343","4,648","4,950","5,061","5,208","5,496","5,665","5,309","5,168","5,065","4,974","4,881","4,899","4,800","5,168","5,355","5,698","5,424","5,457","4,852","4,976","4,797","5,054","5,296","5,692","5,633","5,732","5,783","5,457","5,675","5,110","4,770","4,886","4,939","4,282","5,031","4,881","5,262","4,930","4,358","3,984","3,617","3,482","3,322","2,482","2,485","1,948","1,727","1,813","1,622","1,595","1,593","1,040","1,095","1,064","1,126","1,048",854,736,682,592,521,430,366,254,233,161,120,98,63,44,26,34
경기도 부천시 (4119000000),"753,859","753,859","3,241","3,272","3,131","3,381","3,611","3,717","3,958","4,296","4,599","5,056","5,578","5,710","5,626","6,293","6,249","6,342","6,063","6,255","7,036","6,459","6,117","6,493","7,025","6,987","8,038","9,403","9,580","9,703","10,264","10,645","10,822","11,337","10,976","11,173","10,893","9,949","9,783","9,646","9,498","9,367","9,771","9,678","10,819","11,637","12,151","11,895","11,804","10,576","10,923","10,661","11,189","12,221","12,936","13,016","13,931","13,943","13,731","14,418","13,086","13,029","13,488","13,852","12,277","14,079","14,549","15,031","14,105","12,319","11,649","10,674","10,052","9,029","7,013","7,367","5,480","5,286","5,348","4,920","4,878","4,280","3,094","3,208","2,971","3,507","2,853","2,278","2,140","1,864","1,524","1,290","1,095",883,674,496,358,310,199,176,107,60,109,"753,127","753,127","3,287","3,264","3,104","3,355","3,591","3,717","3,905","4,267","4,572","5,002","5,514","5,715","5,624","6,262","6,218","6,358","6,084","6,237","6,943","6,484","6,104","6,424","6,964","6,935","7,920","9,371","9,554","9,694","10,158","10,655","10,723","11,361","11,008","11,187","10,934","10,067","9,771","9,640","9,492","9,354","9,750","9,620","10,698","11,528","12,070","11,940","11,851","10,555","10,932","10,491","11,240","12,033","12,941","12,969","13,792","13,983","13,707","14,395","13,069","12,948","13,448","13,922","12,317","14,167","14,109","15,165","14,223","12,441","11,675","10,664","9,831","9,578","7,073","7,293","5,807","5,169","5,420","4,925","4,852","4,402","3,130","3,176","2,978","3,448","2,924","2,293","2,136","1,884","1,523","1,297","1,120",881,683,508,360,314,204,166,115,68,107,"752,812","752,812","3,349","3,226","3,122","3,320","3,541","3,739","3,852","4,265","4,534","4,996","5,436","5,751","5,628","6,276","6,203","6,311","6,137","6,164","6,943","6,540","6,076","6,335","6,953","6,917","7,799","9,288","9,491","9,677","10,151","10,624","10,748","11,290","11,044","11,216","10,982","10,127","9,823","9,622","9,504","9,303","9,857","9,561","10,565","11,436","12,093","11,953","11,906","10,670","10,876","10,396","11,210","11,771","13,000","13,020","13,731","13,923","13,658","14,429","13,083","12,989","13,336","13,907","12,035","14,582","13,777","15,307","14,236","12,596","11,626","10,836","9,743","9,776","7,122","7,244","6,038","5,098","5,450","4,898","4,887","4,489","3,030","3,180","3,080","3,371","2,983","2,309","2,128","1,915","1,516","1,325","1,122",884,693,524,363,303,205,178,110,73,107
경기도 부천시 원미구 (4119200000),"381,597","381,597","1,689","1,711","1,585","1,748","1,770","1,883","1,986","2,209","2,330","2,587","2,875","2,977","2,857","3,214","3,173","3,231","3,083","3,235","3,667","3,329","3,151","3,405","3,788","3,669","4,303","5,066","5,151","5,179","5,517","5,702","5,802","6,061","5,749","5,856","5,763","5,221","5,227","5,062","4,990","5,009","5,126","4,944","5,604","5,980","6,188","6,057","5,979","5,368","5,494","5,413","5,685","6,177","6,597","6,478","6,988","7,009","6,887","7,157","6,437","6,465","6,599","6,893","6,060","7,065","7,154","7,529","6,949","6,047","5,683","5,082","4,887","4,316","3,267","3,556","2,588","2,515","2,466","2,290","2,311","1,943","1,411","1,495","1,352","1,613","1,305","1,030",970,876,724,594,503,430,356,258,168,150,102,78,51,33,55,"381,226","381,226","1,713","1,712","1,569","1,738","1,750","1,903","1,936","2,189","2,324","2,532","2,850","2,991","2,855","3,187","3,171","3,231","3,094","3,221","3,642","3,352","3,145","3,371","3,748","3,642","4,244","5,017","5,122","5,174","5,443","5,709","5,743","6,096","5,813","5,859","5,750","5,328","5,182","5,072","5,005","4,978","5,105","4,926","5,551","5,907","6,169","6,103","5,978","5,366","5,495","5,327","5,703","6,066","6,601","6,475","6,918","7,042","6,888","7,154","6,440","6,397","6,601","6,909","6,100","7,098","6,939","7,590","6,962","6,139","5,681","5,103","4,773","4,572","3,316","3,519","2,744","2,476","2,492","2,288","2,290","2,009","1,436","1,474","1,362","1,585","1,315","1,054",975,866,727,609,508,420,362,283,164,157,103,72,53,36,52,"380,986","380,986","1,769","1,681","1,575","1,714","1,757","1,907","1,911","2,178","2,328","2,527","2,798","3,003","2,857","3,211","3,157","3,213","3,120","3,198","3,635","3,372","3,135","3,318","3,750","3,627","4,173","4,955","5,098","5,170","5,423","5,632","5,724","6,077","5,819","5,855","5,783","5,344","5,187","5,109","4,995","4,936","5,182","4,872","5,492","5,861","6,186","6,112","6,021","5,401","5,474","5,306","5,708","5,923","6,604","6,541","6,911","6,969","6,870","7,148","6,473","6,400","6,548","6,900","5,956","7,292","6,813","7,621","7,015","6,196","5,663","5,182","4,719","4,660","3,355","3,507","2,820","2,451","2,528","2,262","2,314","2,048","1,392","1,468","1,422","1,541","1,340","1,065",975,872,725,617,514,424,374,286,164,156,101,86,48,37,54
경기도 부천시 소사구 (4119400000),"224,091","224,091","1,117","1,087","1,113","1,130","1,330","1,286","1,436","1,421","1,594","1,685","1,846","1,831","1,872","2,015","1,973","2,017","1,905","1,917","2,084","1,959","1,776","1,866","1,889","1,890","2,145","2,467","2,454","2,448","2,691","2,785","2,816","3,041","3,158","3,165","3,184","2,963","2,947","2,872","2,980","2,843","3,023","3,146","3,453","3,679","3,897","3,789","3,791","3,372","3,483","3,254","3,402","3,575","3,667","3,723","3,913","3,838","3,746","3,871","3,561","3,519","3,788","3,879","3,432","3,823","4,116","4,201","4,113","3,680","3,494","3,320","3,104","2,829","2,323","2,309","1,826","1,685","1,786","1,606","1,537","1,436",948,"1,044",929,"1,100",874,719,700,557,444,414,353,277,193,147,112,89,58,58,35,19,34,"223,921","223,921","1,117","1,079","1,110","1,110","1,332","1,262","1,435","1,420","1,579","1,698","1,811","1,831","1,867","2,024","1,962","2,019","1,914","1,913","2,043","1,965","1,795","1,838","1,887","1,861","2,122","2,493","2,446","2,465","2,665","2,774","2,798","3,018","3,152","3,156","3,216","2,964","2,958","2,884","2,965","2,840","3,028","3,133","3,369","3,700","3,847","3,794","3,814","3,371","3,505","3,194","3,414","3,548","3,685","3,694","3,899","3,844","3,717","3,868","3,576","3,478","3,799","3,873","3,444","3,856","3,966","4,270","4,140","3,692","3,515","3,311","3,034","2,996","2,331","2,278","1,925","1,653","1,814","1,620","1,541","1,460",960,"1,039",929,"1,086",909,713,695,569,442,409,363,278,194,137,118,86,61,54,39,21,35,"223,716","223,716","1,121","1,081","1,110","1,107","1,291","1,276","1,411","1,441","1,539","1,703","1,799","1,852","1,873","2,018","1,966","1,998","1,950","1,868","2,044","1,995","1,785","1,829","1,872","1,869","2,081","2,457","2,440","2,462","2,627","2,769","2,797","2,964","3,136","3,153","3,210","2,969","2,959","2,853","2,977","2,822","3,053","3,130","3,337","3,668","3,859","3,795","3,816","3,437","3,468","3,167","3,378","3,498","3,735","3,688","3,866","3,882","3,700","3,868","3,572","3,520","3,756","3,861","3,376","3,975","3,851","4,331","4,115","3,739","3,498","3,367","3,028","3,026","2,347","2,258","2,008","1,627","1,809","1,636","1,540","1,487",934,"1,038",962,"1,065",931,715,699,578,437,427,364,273,192,147,117,81,62,53,38,23,34
경기도 부천시 오정구 (4119600000),"148,171","148,171",435,474,433,503,511,548,536,666,675,784,857,902,897,"1,064","1,103","1,094","1,075","1,103","1,285","1,171","1,190","1,222","1,348","1,428","1,590","1,870","1,975","2,076","2,056","2,158","2,204","2,235","2,069","2,152","1,946","1,765","1,609","1,712","1,528","1,515","1,622","1,588","1,762","1,978","2,066","2,049","2,034","1,836","1,946","1,994","2,102","2,469","2,672","2,815","3,030","3,096","3,098","3,390","3,088","3,045","3,101","3,080","2,785","3,191","3,279","3,301","3,043","2,592","2,472","2,272","2,061","1,884","1,423","1,502","1,066","1,086","1,096","1,024","1,030",901,735,669,690,794,674,529,470,431,356,282,239,176,125,91,78,71,39,40,21,8,20,"147,980","147,980",457,473,425,507,509,552,534,658,669,772,853,893,902,"1,051","1,085","1,108","1,076","1,103","1,258","1,167","1,164","1,215","1,329","1,432","1,554","1,861","1,986","2,055","2,050","2,172","2,182","2,247","2,043","2,172","1,968","1,775","1,631","1,684","1,522","1,536","1,617","1,561","1,778","1,921","2,054","2,043","2,059","1,818","1,932","1,970","2,123","2,419","2,655","2,800","2,975","3,097","3,102","3,373","3,053","3,073","3,048","3,140","2,773","3,213","3,204","3,305","3,121","2,610","2,479","2,250","2,024","2,010","1,426","1,496","1,138","1,040","1,114","1,017","1,021",933,734,663,687,777,700,526,466,449,354,279,249,183,127,88,78,71,40,40,23,11,20,"148,110","148,110",459,464,437,499,493,556,530,646,667,766,839,896,898,"1,047","1,080","1,100","1,067","1,098","1,264","1,173","1,156","1,188","1,331","1,421","1,545","1,876","1,953","2,045","2,101","2,223","2,227","2,249","2,089","2,208","1,989","1,814","1,677","1,660","1,532","1,545","1,622","1,559","1,736","1,907","2,048","2,046","2,069","1,832","1,934","1,923","2,124","2,350","2,661","2,791","2,954","3,072","3,088","3,413","3,038","3,069","3,032","3,146","2,703","3,315","3,113","3,355","3,106","2,661","2,465","2,287","1,996","2,090","1,420","1,479","1,210","1,020","1,113","1,000","1,033",954,704,674,696,765,712,529,454,465,354,281,244,187,127,91,82,66,42,39,24,13,19
경기도 광명시 (4121000000),"299,674","299,674","2,014","1,798","1,645","1,671","1,704","1,659","1,847","2,037","2,087","2,416","2,631","2,592","2,564","2,887","2,858","2,897","2,691","2,936","3,142","2,985","2,774","2,983","2,917","2,832","3,254","3,504","3,574","3,551","3,846","3,819","4,188","4,465","4,610","4,753","4,939","4,243","4,345","4,224","4,185","4,027","4,188","4,082","4,603","5,005","5,193","4,970","4,850","4,519","4,732","4,528","4,858","5,173","5,431","5,344","5,493","5,344","5,104","5,259","4,604","4,535","4,564","4,600","4,002","4,430","4,704","4,796","4,516","4,163","4,018","3,617","3,622","3,347","2,532","2,758","1,995","1,953","1,900","1,878","1,853","1,619","1,102","1,206","1,122","1,392","1,133",803,765,698,542,476,435,343,244,193,120,85,81,54,31,32,41,"301,255","301,255","2,087","1,866","1,682","1,670","1,716","1,699","1,827","2,017","2,075","2,384","2,650","2,613","2,525","2,877","2,866","2,876","2,701","2,926","3,113","2,940","2,834","2,941","2,924","2,864","3,197","3,520","3,634","3,522","3,827","3,895","4,229","4,513","4,647","4,863","5,000","4,444","4,384","4,281","4,240","4,008","4,248","4,126","4,572","4,974","5,245","4,990","4,935","4,527","4,710","4,480","4,867","5,216","5,348","5,389","5,440","5,373","5,166","5,297","4,600","4,570","4,556","4,681","4,019","4,515","4,550","4,841","4,588","4,249","3,966","3,661","3,521","3,526","2,582","2,716","2,133","1,916","1,926","1,880","1,865","1,680","1,105","1,222","1,084","1,354","1,173",812,763,712,537,486,441,341,255,194,126,91,81,54,32,31,40,"301,963","301,963","2,159","1,882","1,710","1,668","1,702","1,717","1,812","1,987","2,078","2,361","2,646","2,590","2,544","2,848","2,852","2,896","2,743","2,910","3,068","2,971","2,850","2,906","2,925","2,825","3,220","3,454","3,670","3,554","3,833","3,924","4,239","4,489","4,675","4,912","5,069","4,554","4,400","4,318","4,220","4,073","4,284","4,121","4,547","4,923","5,191","5,069","4,983","4,548","4,638","4,514","4,823","5,105","5,416","5,433","5,457","5,383","5,123","5,343","4,592","4,624","4,534","4,674","3,962","4,651","4,473","4,890","4,608","4,280","3,990","3,676","3,500","3,554","2,645","2,671","2,236","1,867","1,976","1,859","1,847","1,727","1,081","1,219","1,097","1,332","1,212",821,764,702,544,484,454,335,273,191,133,88,76,60,35,28,43
경기도 평택시 (4122000000),"610,563","610,563","4,372","4,391","3,954","4,196","4,375","4,336","4,697","5,027","5,315","5,783","6,056","6,088","5,797","6,405","5,962","6,149","5,614","5,664","5,859","5,262","4,920","5,270","5,405","5,785","6,581","8,016","8,462","8,649","9,354","9,465","10,403","10,276","10,818","10,858","10,627","9,626","9,394","9,412","8,936","9,088","9,179","9,002","9,957","11,084","11,182","10,958","10,710","9,654","9,720","9,221","9,632","10,275","10,811","10,451","10,752","10,668","10,361","10,318","9,242","8,866","8,730","8,836","7,454","8,187","8,512","8,394","7,288","6,767","5,931","5,521","5,400","4,773","3,813","4,185","3,021","3,091","3,085","2,935","2,976","2,638","2,075","2,168","2,000","2,454","1,996","1,560","1,576","1,301","1,187","1,000",787,630,427,377,210,180,126,121,57,44,60,"612,231","612,231","4,454","4,398","3,974","4,136","4,364","4,374","4,680","4,963","5,272","5,709","6,148","6,057","5,820","6,374","5,979","6,200","5,636","5,667","5,785","5,291","4,900","5,200","5,403","5,778","6,500","7,930","8,617","8,593","9,513","9,445","10,362","10,422","10,805","10,947","10,747","9,880","9,448","9,354","8,989","9,123","9,210","8,994","9,848","11,006","11,251","10,969","10,736","9,734","9,760","9,156","9,658","10,244","10,832","10,450","10,723","10,712","10,321","10,404","9,331","8,844","8,802","8,844","7,572","8,308","8,217","8,588","7,380","6,842","6,012","5,448","5,328","5,130","3,841","4,099","3,224","3,004","3,147","2,924","2,978","2,694","2,069","2,188","2,007","2,377","2,069","1,591","1,551","1,308","1,182","1,025",813,601,460,373,218,180,124,124,56,52,61,"613,662","613,662","4,499","4,444","4,004","4,110","4,355","4,383","4,621","4,998","5,220","5,627","6,120","6,142","5,794","6,311","6,030","6,208","5,672","5,617","5,807","5,344","4,880","5,188","5,398","5,760","6,467","7,892","8,655","8,682","9,446","9,519","10,386","10,399","10,822","11,033","10,762","10,039","9,524","9,396","8,950","9,126","9,272","9,022","9,760","10,807","11,343","11,098","10,794","9,829","9,739","9,075","9,693","10,082","10,883","10,614","10,755","10,718","10,310","10,599","9,313","8,896","8,801","8,904","7,440","8,570","8,008","8,733","7,456","6,900","6,084","5,461","5,306","5,226","3,868","4,066","3,354","2,936","3,168","2,911","2,997","2,800","1,978","2,153","2,095","2,309","2,139","1,616","1,537","1,294","1,201","1,030",820,608,461,385,222,172,127,123,61,45,65
경기도 동두천시 (4125000000),"85,608","85,608",290,251,259,298,292,344,343,410,474,570,584,649,659,722,761,803,790,771,806,785,697,768,816,747,822,972,917,905,903,822,957,900,910,856,862,794,731,709,754,790,859,872,985,"1,140","1,212","1,172","1,259","1,061","1,169","1,248","1,267","1,455","1,521","1,633","1,606","1,692","1,620","1,713","1,496","1,558","1,542","1,526","1,488","1,534","1,750","1,700","1,601","1,598","1,451","1,262","1,382","1,169","1,052","1,060",744,823,826,890,907,825,621,681,640,796,702,561,477,412,375,305,218,174,138,93,67,49,45,41,21,14,17,"85,647","85,647",281,266,252,297,284,347,338,407,462,563,587,646,650,700,768,817,784,768,828,781,691,764,819,754,812,969,919,906,906,816,950,927,898,859,856,802,740,704,759,771,864,867,982,"1,129","1,201","1,177","1,263","1,090","1,144","1,210","1,279","1,460","1,498","1,608","1,616","1,675","1,602","1,723","1,523","1,541","1,587","1,509","1,490","1,571","1,679","1,727","1,633","1,578","1,477","1,306","1,307","1,238","1,044","1,060",775,817,843,858,893,872,623,674,644,770,714,590,455,434,362,313,228,183,140,87,75,47,44,40,27,16,17,"85,618","85,618",289,269,247,293,290,346,330,413,455,549,581,654,650,684,760,816,799,767,827,781,701,757,803,757,787,955,928,885,904,817,942,920,894,874,858,800,746,686,765,754,867,868,979,"1,104","1,217","1,188","1,259","1,100","1,136","1,196","1,276","1,439","1,507","1,604","1,614","1,675","1,612","1,714","1,553","1,554","1,535","1,523","1,475","1,604","1,664","1,740","1,640","1,560","1,507","1,318","1,287","1,273","1,053","1,072",804,808,827,862,903,890,598,651,660,765,713,597,449,439,369,316,230,188,144,92,73,52,40,40,28,17,17
경기도 안산시 (4127000000),"608,043","608,043","2,675","2,460","2,383","2,536","2,644","2,731","2,966","3,238","3,502","4,028","4,390","4,528","4,547","5,055","5,253","5,528","5,201","5,569","6,365","5,681","5,823","6,415","6,801","7,128","8,121","9,410","9,353","9,164","9,459","9,556","9,756","9,580","9,206","9,297","8,702","7,651","7,385","7,148","6,759","6,826","6,798","6,909","7,785","8,568","8,905","9,192","9,101","8,501","9,094","8,874","10,010","10,807","11,716","11,732","12,438","12,753","12,730","13,219","11,973","12,029","11,921","11,721","10,280","11,086","11,220","11,135","9,816","8,487","7,828","6,690","6,287","5,538","4,197","4,533","3,273","3,340","3,202","3,114","2,940","2,663","2,115","2,134","2,086","2,361","1,988","1,664","1,534","1,353","1,136","1,037",877,672,491,432,264,208,153,92,83,49,89,"607,388","607,388","2,682","2,489","2,352","2,489","2,644","2,712","2,956","3,199","3,485","3,952","4,350","4,559","4,531","5,001","5,245","5,502","5,191","5,506","6,324","5,756","5,735","6,304","6,838","7,118","7,906","9,347","9,340","9,161","9,472","9,415","9,670","9,713","9,158","9,323","8,781","7,730","7,422","7,090","6,794","6,824","6,777","6,864","7,698","8,458","8,908","9,134","9,130","8,543","9,029","8,771","10,008","10,676","11,663","11,692","12,327","12,689","12,633","13,284","11,975","11,916","12,055","11,840","10,311","11,173","10,954","11,305","9,983","8,598","7,816","6,752","6,175","5,855","4,221","4,469","3,511","3,247","3,227","3,116","2,921","2,739","2,090","2,152","2,078","2,331","2,058","1,679","1,520","1,345","1,140","1,031",878,702,490,423,279,204,164,87,87,49,92,"606,700","606,700","2,695","2,507","2,336","2,475","2,619","2,712","2,923","3,167","3,489","3,902","4,314","4,545","4,523","4,964","5,228","5,501","5,180","5,448","6,333","5,802","5,708","6,217","6,785","7,093","7,815","9,241","9,342","9,115","9,446","9,358","9,652","9,611","9,202","9,257","8,904","7,704","7,463","7,118","6,724","6,819","6,831","6,847","7,580","8,358","8,911","9,127","9,240","8,519","8,950","8,683","9,888","10,497","11,674","11,832","12,231","12,621","12,549","13,397","12,002","11,894","12,060","11,849","10,058","11,565","10,704","11,437","10,022","8,773","7,892","6,782","6,186","5,955","4,266","4,424","3,627","3,166","3,313","3,095","2,917","2,784","2,092","2,109","2,127","2,298","2,083","1,693","1,495","1,371","1,159","1,029",883,708,505,421,285,208,164,96,84,51,96
경기도 안산시 상록구 (4127100000),"320,298","320,298","1,258","1,068","1,042","1,146","1,240","1,311","1,433","1,627","1,746","2,096","2,361","2,433","2,488","2,625","2,863","2,972","2,775","2,935","3,300","3,141","3,226","3,444","3,784","3,984","4,453","5,079","5,001","4,878","5,023","4,989","5,054","4,858","4,646","4,647","4,291","3,632","3,561","3,364","3,225","3,313","3,395","3,499","4,034","4,418","4,546","4,724","4,740","4,524","4,867","4,690","5,359","5,649","6,274","6,391","6,698","6,925","6,894","7,086","6,474","6,471","6,460","6,249","5,497","5,863","5,968","5,904","5,217","4,458","4,124","3,544","3,259","2,976","2,269","2,415","1,735","1,783","1,664","1,749","1,654","1,529","1,230","1,212","1,207","1,383","1,155",984,892,805,662,569,492,364,288,235,148,111,101,54,48,23,48,"319,761","319,761","1,235","1,100","1,017","1,121","1,238","1,296","1,431","1,604","1,730","2,047","2,361","2,436","2,476","2,620","2,837","2,934","2,796","2,909","3,278","3,153","3,177","3,389","3,834","3,969","4,331","5,066","4,954","4,878","4,978","4,927","5,011","4,935","4,649","4,603","4,361","3,678","3,573","3,359","3,227","3,298","3,374","3,475","3,986","4,365","4,543","4,699","4,739","4,511","4,845","4,667","5,316","5,571","6,249","6,397","6,638","6,900","6,793","7,172","6,458","6,406","6,516","6,326","5,513","5,882","5,862","5,950","5,310","4,526","4,124","3,581","3,191","3,134","2,298","2,371","1,849","1,725","1,690","1,740","1,640","1,568","1,216","1,231","1,205","1,360","1,200",994,880,786,660,578,489,388,279,233,155,105,108,53,49,25,51,"319,321","319,321","1,225","1,129",993,"1,118","1,215","1,295","1,421","1,571","1,735","2,014","2,342","2,426","2,448","2,598","2,839","2,929","2,787","2,891","3,260","3,195","3,153","3,380","3,764","3,944","4,301","5,039","4,966","4,867","4,955","4,907","5,026","4,892","4,648","4,593","4,392","3,691","3,552","3,395","3,189","3,293","3,406","3,453","3,913","4,286","4,569","4,677","4,802","4,517","4,790","4,634","5,244","5,498","6,239","6,458","6,589","6,861","6,763","7,219","6,454","6,404","6,528","6,335","5,357","6,091","5,708","6,022","5,336","4,636","4,140","3,609","3,211","3,162","2,321","2,359","1,905","1,686","1,738","1,714","1,646","1,595","1,207","1,225","1,199","1,347","1,220","1,015",855,801,673,583,484,387,284,233,156,109,107,61,45,26,51
경기도 안산시 단원구 (4127300000),"287,745","287,745","1,417","1,392","1,341","1,390","1,404","1,420","1,533","1,611","1,756","1,932","2,029","2,095","2,059","2,430","2,390","2,556","2,426","2,634","3,065","2,540","2,597","2,971","3,017","3,144","3,668","4,331","4,352","4,286","4,436","4,567","4,702","4,722","4,560","4,650","4,411","4,019","3,824","3,784","3,534","3,513","3,403","3,410","3,751","4,150","4,359","4,468","4,361","3,977","4,227","4,184","4,651","5,158","5,442","5,341","5,740","5,828","5,836","6,133","5,499","5,558","5,461","5,472","4,783","5,223","5,252","5,231","4,599","4,029","3,704","3,146","3,028","2,562","1,928","2,118","1,538","1,557","1,538","1,365","1,286","1,134",885,922,879,978,833,680,642,548,474,468,385,308,203,197,116,97,52,38,35,26,41,"287,627","287,627","1,447","1,389","1,335","1,368","1,406","1,416","1,525","1,595","1,755","1,905","1,989","2,123","2,055","2,381","2,408","2,568","2,395","2,597","3,046","2,603","2,558","2,915","3,004","3,149","3,575","4,281","4,386","4,283","4,494","4,488","4,659","4,778","4,509","4,720","4,420","4,052","3,849","3,731","3,567","3,526","3,403","3,389","3,712","4,093","4,365","4,435","4,391","4,032","4,184","4,104","4,692","5,105","5,414","5,295","5,689","5,789","5,840","6,112","5,517","5,510","5,539","5,514","4,798","5,291","5,092","5,355","4,673","4,072","3,692","3,171","2,984","2,721","1,923","2,098","1,662","1,522","1,537","1,376","1,281","1,171",874,921,873,971,858,685,640,559,480,453,389,314,211,190,124,99,56,34,38,24,41,"287,379","287,379","1,470","1,378","1,343","1,357","1,404","1,417","1,502","1,596","1,754","1,888","1,972","2,119","2,075","2,366","2,389","2,572","2,393","2,557","3,073","2,607","2,555","2,837","3,021","3,149","3,514","4,202","4,376","4,248","4,491","4,451","4,626","4,719","4,554","4,664","4,512","4,013","3,911","3,723","3,535","3,526","3,425","3,394","3,667","4,072","4,342","4,450","4,438","4,002","4,160","4,049","4,644","4,999","5,435","5,374","5,642","5,760","5,786","6,178","5,548","5,490","5,532","5,514","4,701","5,474","4,996","5,415","4,686","4,137","3,752","3,173","2,975","2,793","1,945","2,065","1,722","1,480","1,575","1,381","1,271","1,189",885,884,928,951,863,678,640,570,486,446,399,321,221,188,129,99,57,35,39,25,45
경기도 고양시 (4128000000),"1,053,212","1,053,212","5,455","5,269","4,841","5,464","5,601","5,727","6,126","6,871","7,365","8,261","9,118","8,967","8,791","10,040","9,753","9,860","9,360","9,825","10,445","9,266","9,025","9,656","10,091","10,199","11,487","13,473","13,324","13,357","13,830","13,988","14,740","15,062","14,926","15,447","15,191","14,007","13,730","13,672","13,218","13,216","13,674","13,550","15,066","16,482","17,079","16,456","17,053","15,110","15,778","15,990","16,412","18,097","19,320","19,933","21,253","21,144","20,589","20,051","18,053","17,876","17,915","17,904","16,673","17,343","17,695","17,679","15,872","14,208","13,547","12,038","11,862","10,217","8,204","8,597","5,765","6,137","6,406","6,302","6,454","6,250","4,637","4,896","4,758","5,479","4,744","4,003","3,905","3,328","2,841","2,508","2,014","1,598","1,260",918,640,505,399,255,175,100,171,"1,051,878","1,051,878","5,503","5,270","4,807","5,374","5,589","5,712","6,084","6,805","7,273","8,160","9,031","9,020","8,771","9,888","9,834","9,895","9,392","9,684","10,344","9,234","8,942","9,547","9,996","10,101","11,253","13,297","13,453","13,270","13,801","13,875","14,769","14,987","14,887","15,435","15,287","14,181","13,746","13,642","13,192","13,153","13,659","13,498","14,843","16,407","17,073","16,410","17,044","15,157","15,673","15,762","16,315","17,985","19,262","19,865","21,016","21,197","20,495","20,242","17,972","17,903","18,006","17,899","16,784","17,518","17,251","17,875","16,085","14,397","13,516","12,076","11,557","10,867","8,286","8,536","6,088","6,021","6,418","6,272","6,483","6,362","4,624","4,909","4,719","5,390","4,866","3,997","3,905","3,401","2,817","2,527","2,052","1,637","1,276",945,648,494,394,258,185,105,170,"1,051,628","1,051,628","5,579","5,298","4,820","5,312","5,571","5,685","6,040","6,776","7,239","8,038","8,929","9,074","8,778","9,808","9,847","9,939","9,393","9,597","10,344","9,228","8,947","9,426","9,997","10,013","11,141","13,141","13,431","13,210","13,696","13,912","14,718","14,904","14,940","15,441","15,347","14,263","13,812","13,749","13,058","13,174","13,714","13,460","14,767","16,145","17,113","16,562","16,986","15,303","15,602","15,623","16,248","17,655","19,385","19,849","21,009","21,137","20,393","20,458","18,081","17,903","17,995","17,871","16,288","18,278","16,926","18,017","16,127","14,593","13,612","12,109","11,538","11,054","8,356","8,459","6,410","5,869","6,477","6,262","6,473","6,461","4,545","4,851","4,861","5,255","5,013","4,001","3,879","3,445","2,827","2,546","2,074","1,650","1,284",934,671,498,376,272,180,113,170
경기도 고양시 덕양구 (4128100000),"482,136","482,136","2,933","2,747","2,520","2,843","2,928","2,907","3,030","3,279","3,544","3,946","4,135","4,025","3,840","4,215","4,250","4,098","3,935","3,967","4,221","3,818","3,749","4,038","4,383","4,382","4,806","5,625","5,650","5,721","6,129","6,400","6,794","7,136","7,263","7,505","7,542","7,113","6,870","6,821","6,635","6,610","6,838","6,820","7,312","8,030","8,064","7,720","7,858","6,878","7,024","7,081","7,279","7,961","8,242","8,577","9,181","8,924","8,806","8,718","7,885","7,867","7,937","7,879","7,381","7,719","8,041","8,182","7,307","6,588","6,258","5,617","5,653","4,993","4,021","4,275","2,828","3,036","3,135","3,120","3,146","3,050","2,282","2,338","2,234","2,603","2,192","1,826","1,798","1,490","1,294","1,088",873,670,529,394,271,201,164,99,78,48,80,"481,607","481,607","2,945","2,778","2,504","2,784","2,914","2,901","3,028","3,245","3,519","3,879","4,071","4,086","3,852","4,140","4,298","4,072","3,959","3,938","4,155","3,810","3,750","4,011","4,334","4,387","4,716","5,567","5,682","5,701","6,119","6,291","6,809","7,038","7,257","7,490","7,647","7,145","6,924","6,785","6,629","6,582","6,804","6,823","7,202","8,011","8,007","7,690","7,910","6,891","6,945","7,029","7,199","7,924","8,235","8,515","9,066","9,021","8,720","8,829","7,831","7,837","8,019","7,878","7,396","7,812","7,793","8,287","7,422","6,687","6,235","5,626","5,514","5,262","4,055","4,212","3,014","2,973","3,144","3,128","3,140","3,095","2,266","2,366","2,220","2,563","2,263","1,806","1,814","1,525","1,286","1,096",899,684,533,408,280,191,166,106,80,51,81,"481,199","481,199","2,941","2,805","2,503","2,724","2,904","2,888","3,001","3,212","3,514","3,824","4,030","4,114","3,866","4,094","4,328","4,095","3,972","3,923","4,140","3,813","3,753","3,950","4,336","4,331","4,672","5,502","5,661","5,676","6,072","6,291","6,780","6,946","7,210","7,488","7,632","7,131","6,974","6,822","6,542","6,585","6,833","6,780","7,194","7,857","8,024","7,792","7,897","6,954","6,912","6,996","7,183","7,777","8,306","8,466","9,111","9,008","8,659","8,887","7,866","7,845","7,988","7,889","7,136","8,213","7,625","8,332","7,453","6,780","6,283","5,645","5,485","5,327","4,082","4,176","3,179","2,887","3,191","3,102","3,156","3,136","2,223","2,345","2,292","2,506","2,334","1,800","1,793","1,553","1,281","1,115",915,677,534,405,297,190,157,112,75,57,81
경기도 고양시 일산동구 (4128500000),"295,292","295,292","1,341","1,373","1,247","1,460","1,486","1,531","1,727","1,866","1,967","2,184","2,454","2,495","2,449","2,873","2,709","2,785","2,622","2,813","2,979","2,611","2,582","2,733","2,808","2,926","3,523","4,109","4,080","4,089","4,239","4,176","4,419","4,402","4,230","4,428","4,259","3,802","3,782","3,860","3,657","3,606","3,727","3,608","4,069","4,420","4,758","4,505","4,787","4,270","4,547","4,587","4,692","5,057","5,563","5,736","6,102","6,169","5,967","5,709","5,144","5,009","5,102","5,101","4,745","4,960","4,983","4,930","4,350","3,922","3,771","3,277","3,178","2,724","2,212","2,173","1,470","1,578","1,696","1,592","1,634","1,585","1,146","1,286","1,259","1,408","1,257","1,048","1,030",897,736,725,592,467,393,266,186,168,121,92,51,30,43,"295,020","295,020","1,362","1,341","1,247","1,443","1,501","1,541","1,700","1,875","1,919","2,193","2,438","2,490","2,434","2,819","2,722","2,843","2,624","2,764","2,967","2,604","2,554","2,686","2,791","2,890","3,427","4,084","4,123","4,050","4,205","4,159","4,420","4,411","4,218","4,411","4,238","3,915","3,739","3,884","3,656","3,593","3,755","3,580","4,014","4,399","4,780","4,503","4,727","4,294","4,522","4,511","4,688","5,043","5,548","5,718","6,048","6,124","5,973","5,772","5,102","5,034","5,141","5,092","4,779","4,987","4,879","4,969","4,424","3,962","3,771","3,291","3,108","2,916","2,244","2,171","1,545","1,553","1,709","1,571","1,645","1,615","1,147","1,292","1,238","1,389","1,280","1,053","1,034",907,730,711,619,477,392,276,183,173,111,92,55,30,43,"295,481","295,481","1,416","1,353","1,272","1,440","1,496","1,551","1,683","1,879","1,933","2,129","2,414","2,519","2,443","2,808","2,709","2,854","2,603","2,746","2,946","2,625","2,554","2,653","2,781","2,878","3,411","4,030","4,118","4,061","4,141","4,220","4,414","4,412","4,306","4,440","4,330","3,972","3,741","3,943","3,647","3,602","3,783","3,607","3,992","4,344","4,788","4,570","4,691","4,349","4,505","4,435","4,645","4,994","5,574","5,720","6,027","6,146","5,930","5,858","5,153","5,031","5,126","5,050","4,672","5,151","4,839","4,962","4,492","3,983","3,812","3,294","3,109","2,950","2,271","2,173","1,633","1,505","1,729","1,585","1,618","1,645","1,133","1,266","1,277","1,356","1,319","1,041","1,043",918,736,716,617,487,398,272,182,178,109,89,55,32,43
경기도 고양시 일산서구 (4128700000),"275,784","275,784","1,181","1,149","1,074","1,161","1,187","1,289","1,369","1,726","1,854","2,131","2,529","2,447","2,502","2,952","2,794","2,977","2,803","3,045","3,245","2,837","2,694","2,885","2,900","2,891","3,158","3,739","3,594","3,547","3,462","3,412","3,527","3,524","3,433","3,514","3,390","3,092","3,078","2,991","2,926","3,000","3,109","3,122","3,685","4,032","4,257","4,231","4,408","3,962","4,207","4,322","4,441","5,079","5,515","5,620","5,970","6,051","5,816","5,624","5,024","5,000","4,876","4,924","4,547","4,664","4,671","4,567","4,215","3,698","3,518","3,144","3,031","2,500","1,971","2,149","1,467","1,523","1,575","1,590","1,674","1,615","1,209","1,272","1,265","1,468","1,295","1,129","1,077",941,811,695,549,461,338,258,183,136,114,64,46,22,48,"275,251","275,251","1,196","1,151","1,056","1,147","1,174","1,270","1,356","1,685","1,835","2,088","2,522","2,444","2,485","2,929","2,814","2,980","2,809","2,982","3,222","2,820","2,638","2,850","2,871","2,824","3,110","3,646","3,648","3,519","3,477","3,425","3,540","3,538","3,412","3,534","3,402","3,121","3,083","2,973","2,907","2,978","3,100","3,095","3,627","3,997","4,286","4,217","4,407","3,972","4,206","4,222","4,428","5,018","5,479","5,632","5,902","6,052","5,802","5,641","5,039","5,032","4,846","4,929","4,609","4,719","4,579","4,619","4,239","3,748","3,510","3,159","2,935","2,689","1,987","2,153","1,529","1,495","1,565","1,573","1,698","1,652","1,211","1,251","1,261","1,438","1,323","1,138","1,057",969,801,720,534,476,351,261,185,130,117,60,50,24,46,"274,948","274,948","1,222","1,140","1,045","1,148","1,171","1,246","1,356","1,685","1,792","2,085","2,485","2,441","2,469","2,906","2,810","2,990","2,818","2,928","3,258","2,790","2,640","2,823","2,880","2,804","3,058","3,609","3,652","3,473","3,483","3,401","3,524","3,546","3,424","3,513","3,385","3,160","3,097","2,984","2,869","2,987","3,098","3,073","3,581","3,944","4,301","4,200","4,398","4,000","4,185","4,192","4,420","4,884","5,505","5,663","5,871","5,983","5,804","5,713","5,062","5,027","4,881","4,932","4,480","4,914","4,462","4,723","4,182","3,830","3,517","3,170","2,944","2,777","2,003","2,110","1,598","1,477","1,557","1,575","1,699","1,680","1,189","1,240","1,292","1,393","1,360","1,160","1,043",974,810,715,542,486,352,257,192,130,110,71,50,24,46
경기도 과천시 (4129000000),"79,700","79,700",648,644,598,689,851,849,896,933,983,"1,036","1,024",924,848,849,825,797,739,718,781,701,610,711,698,697,818,869,869,881,933,974,"1,050","1,049","1,101","1,215","1,286","1,190","1,213","1,335","1,263","1,372","1,285","1,346","1,500","1,412","1,396","1,317","1,316","1,144","1,095","1,068","1,048","1,125","1,222","1,163","1,362","1,268","1,187","1,265","1,117","1,080","1,125","1,201","1,083","1,136","1,184","1,145","1,008",940,915,844,751,669,582,570,412,433,411,384,404,375,266,295,286,353,246,238,217,168,170,136,135,106,84,67,50,35,23,25,15,16,14,"79,799","79,799",655,654,594,690,828,856,911,918,973,"1,023","1,040",920,872,833,835,805,742,712,779,705,607,706,707,681,815,870,868,859,958,952,"1,069","1,056","1,087","1,231","1,307","1,202","1,206","1,351","1,260","1,391","1,277","1,346","1,492","1,386","1,421","1,333","1,305","1,158","1,097","1,053","1,048","1,123","1,194","1,181","1,343","1,263","1,188","1,274","1,141","1,083","1,130","1,164","1,108","1,133","1,154","1,162","1,011",962,907,852,724,713,580,569,436,430,415,384,388,384,283,292,287,344,250,229,226,175,165,133,134,116,82,67,56,34,20,25,13,12,16,"79,848","79,848",681,649,598,652,838,862,915,917,958,"1,028","1,030",936,891,827,831,816,744,702,782,702,621,698,715,659,807,851,864,855,947,964,"1,067","1,054","1,084","1,231","1,336","1,202","1,230","1,337","1,262","1,374","1,292","1,349","1,462","1,401","1,420","1,364","1,314","1,142","1,093","1,053","1,060","1,107","1,195","1,198","1,312","1,268","1,213","1,271","1,138","1,072","1,152","1,149","1,079","1,194","1,116","1,149","1,036",952,932,842,732,701,596,564,447,424,419,391,387,392,275,298,280,338,265,226,223,173,166,134,135,118,79,65,59,28,24,24,15,12,16
경기도 구리시 (4131000000),"185,062","185,062",886,886,817,842,876,929,"1,010","1,116","1,246","1,374","1,465","1,603","1,509","1,687","1,625","1,685","1,581","1,554","1,763","1,670","1,565","1,672","1,774","1,695","2,003","2,398","2,401","2,462","2,561","2,566","2,726","2,734","2,718","2,799","2,718","2,325","2,449","2,256","2,291","2,180","2,359","2,365","2,681","2,931","3,053","3,023","3,074","2,651","2,770","2,791","2,799","3,075","3,275","3,271","3,533","3,628","3,482","3,612","3,235","3,196","3,241","3,214","2,862","3,219","3,367","3,410","2,976","2,757","2,447","2,339","2,200","2,010","1,578","1,788","1,247","1,207","1,166","1,194","1,184","1,092",797,908,755,933,760,587,555,436,376,290,245,182,165,108,78,51,46,23,19,10,19,"185,114","185,114",927,871,819,848,872,919,"1,006","1,091","1,247","1,355","1,449","1,600","1,539","1,674","1,602","1,708","1,583","1,548","1,748","1,662","1,563","1,640","1,778","1,697","1,953","2,396","2,393","2,428","2,563","2,598","2,718","2,742","2,776","2,795","2,769","2,387","2,432","2,278","2,281","2,159","2,352","2,360","2,650","2,917","3,064","3,038","3,055","2,714","2,717","2,777","2,817","3,037","3,242","3,271","3,543","3,577","3,481","3,585","3,295","3,122","3,281","3,198","2,907","3,217","3,281","3,459","3,009","2,793","2,471","2,308","2,160","2,119","1,573","1,772","1,329","1,193","1,166","1,194","1,184","1,128",802,879,754,933,768,588,551,446,382,286,251,185,171,105,75,50,46,25,16,10,21,"185,986","185,986",978,886,830,859,873,947,978,"1,083","1,244","1,332","1,460","1,602","1,500","1,708","1,617","1,693","1,596","1,562","1,746","1,649","1,556","1,633","1,759","1,712","1,920","2,391","2,401","2,443","2,588","2,627","2,742","2,741","2,837","2,847","2,843","2,422","2,518","2,307","2,290","2,192","2,390","2,352","2,649","2,888","3,061","3,067","3,070","2,753","2,734","2,734","2,806","3,017","3,256","3,308","3,512","3,562","3,499","3,647","3,285","3,104","3,299","3,190","2,845","3,312","3,229","3,482","3,072","2,793","2,496","2,358","2,161","2,139","1,612","1,739","1,413","1,168","1,180","1,170","1,195","1,148",789,872,780,912,783,597,537,463,379,298,253,188,175,104,78,48,54,23,15,11,20
경기도 남양주시 (4136000000),"726,015","726,015","3,597","3,594","3,458","3,791","4,124","4,389","4,841","5,317","5,857","6,753","7,296","7,365","7,587","8,363","8,149","8,130","7,696","8,092","8,360","7,523","6,750","7,064","7,105","6,828","7,496","8,365","8,072","7,917","8,235","8,150","8,384","8,738","8,375","8,835","8,750","7,949","7,954","8,086","8,156","8,491","9,197","9,331","10,998","12,435","13,195","13,533","13,525","11,990","12,282","12,092","12,603","13,339","13,630","13,589","14,098","13,608","12,980","13,078","11,570","11,391","11,328","11,107","10,245","10,867","10,991","11,347","10,472","9,548","9,358","8,567","8,374","7,919","6,352","6,981","4,857","4,979","4,970","5,008","5,005","4,392","3,447","3,485","3,193","3,677","3,149","2,499","2,297","1,945","1,571","1,322","1,074",833,618,516,359,249,213,148,120,77,110,"725,475","725,475","3,681","3,604","3,390","3,805","4,064","4,415","4,805","5,199","5,822","6,622","7,339","7,373","7,548","8,241","8,156","8,172","7,747","8,039","8,256","7,540","6,757","6,917","7,048","6,821","7,410","8,298","8,095","7,889","8,210","8,105","8,413","8,726","8,405","8,852","8,815","8,027","7,959","8,017","8,191","8,429","9,164","9,272","10,838","12,216","13,245","13,495","13,563","12,057","12,271","12,003","12,541","13,230","13,663","13,523","13,980","13,768","12,895","13,110","11,666","11,199","11,509","11,194","10,294","10,963","10,706","11,462","10,560","9,634","9,323","8,605","8,075","8,408","6,420","6,847","5,168","4,887","4,995","4,934","5,030","4,538","3,431","3,497","3,204","3,571","3,250","2,512","2,282","1,979","1,563","1,348","1,082",857,628,520,369,252,214,152,121,77,113,"725,040","725,040","3,716","3,630","3,433","3,742","4,012","4,427","4,768","5,199","5,737","6,479","7,388","7,362","7,524","8,184","8,183","8,225","7,673","8,080","8,207","7,593","6,753","6,862","6,992","6,841","7,336","8,192","8,048","7,883","8,163","8,108","8,494","8,629","8,412","8,871","8,836","8,100","7,985","8,018","8,157","8,344","9,194","9,277","10,673","11,995","13,204","13,559","13,666","12,066","12,204","11,893","12,499","13,054","13,740","13,653","13,920","13,731","12,913","13,253","11,663","11,176","11,556","11,143","10,078","11,320","10,462","11,474","10,635","9,734","9,417","8,618","7,998","8,525","6,464","6,745","5,426","4,795","5,019","4,943","5,000","4,660","3,338","3,486","3,283","3,515","3,319","2,541","2,299","1,973","1,541","1,382","1,089",893,626,512,385,238,217,163,112,78,119
경기도 오산시 (4137000000),"249,428","249,428","1,524","1,571","1,423","1,556","1,693","1,671","1,808","2,006","2,150","2,397","2,710","2,593","2,682","2,914","2,883","2,788","2,620","2,699","2,736","2,543","2,311","2,338","2,442","2,387","2,661","3,076","3,163","3,176","3,430","3,579","3,784","4,013","4,143","4,322","4,339","3,930","4,005","3,800","3,865","3,881","4,026","4,177","4,446","5,135","5,280","5,135","5,089","4,259","4,451","4,315","4,396","4,514","4,537","4,324","4,282","4,230","3,993","3,950","3,536","3,336","3,305","3,178","2,841","3,063","3,143","3,226","2,759","2,622","2,219","2,022","2,043","1,885","1,397","1,534","1,105","1,123","1,089","1,107","1,036",999,740,794,671,859,669,524,467,444,338,303,241,167,138,98,72,49,42,37,16,18,22,"249,698","249,698","1,548","1,573","1,413","1,520","1,694","1,690","1,792","1,991","2,121","2,343","2,700","2,609","2,674","2,898","2,869","2,829","2,623","2,682","2,755","2,554","2,274","2,323","2,425","2,385","2,680","3,030","3,184","3,202","3,418","3,582","3,752","4,043","4,113","4,320","4,364","4,007","3,983","3,844","3,801","3,897","4,042","4,162","4,395","5,114","5,264","5,151","5,155","4,284","4,425","4,293","4,438","4,467","4,559","4,368","4,268","4,242","3,982","3,962","3,578","3,288","3,365","3,206","2,872","3,083","3,052","3,272","2,783","2,633","2,272","2,028","1,971","1,972","1,454","1,484","1,187","1,120","1,089","1,117","1,047",987,752,795,666,858,684,528,462,454,341,308,245,175,138,98,78,44,39,35,18,20,24,"250,327","250,327","1,599","1,564","1,457","1,493","1,702","1,687","1,786","2,006","2,103","2,339","2,670","2,638","2,648","2,882","2,880","2,860","2,609","2,669","2,798","2,556","2,267","2,328","2,393","2,404","2,663","3,051","3,218","3,210","3,375","3,615","3,701","4,073","4,108","4,351","4,412","4,058","3,961","3,865","3,830","3,869","4,075","4,159","4,364","5,046","5,287","5,148","5,210","4,320","4,436","4,253","4,440","4,430","4,598","4,419","4,266","4,281","3,930","4,045","3,593","3,370","3,306","3,239","2,813","3,203","2,988","3,268","2,818","2,670","2,320","2,053","1,964","1,999","1,457","1,453","1,251","1,097","1,103","1,111","1,043","1,018",734,797,677,840,710,519,475,450,343,313,246,175,139,105,79,44,39,33,22,19,26
경기도 시흥시 (4139000000),"511,997","511,997","2,988","3,108","3,030","3,394","3,529","3,652","3,981","4,298","4,561","5,090","5,423","5,278","4,939","5,578","5,262","5,242","5,020","5,140","5,299","4,787","4,563","4,670","4,969","4,938","5,441","6,415","6,228","6,194","6,651","6,807","7,198","7,331","7,604","7,679","7,681","7,245","7,238","7,151","7,092","7,236","7,622","7,731","8,741","9,639","10,101","9,704","9,430","8,511","8,494","8,259","8,556","9,047","9,412","9,274","9,583","9,489","9,453","9,808","8,900","8,451","8,458","8,308","7,308","8,013","7,819","7,524","6,857","5,872","5,457","4,626","4,410","4,009","2,983","3,223","2,289","2,238","2,331","2,171","2,103","1,875","1,449","1,446","1,340","1,667","1,419","1,099","1,037",953,790,613,531,440,333,247,172,139,83,81,50,41,58,"512,151","512,151","3,012","3,136","2,984","3,384","3,491","3,617","3,961","4,295","4,490","5,087","5,368","5,332","4,954","5,478","5,295","5,277","5,000","5,118","5,304","4,824","4,568","4,727","4,988","4,990","5,420","6,285","6,242","6,181","6,637","6,765","7,198","7,353","7,521","7,762","7,696","7,300","7,210","7,182","7,063","7,158","7,634","7,607","8,712","9,519","10,139","9,666","9,537","8,538","8,452","8,119","8,622","8,954","9,467","9,294","9,463","9,471","9,385","9,838","8,845","8,461","8,574","8,408","7,315","8,121","7,625","7,659","6,903","6,016","5,490","4,696","4,286","4,247","3,074","3,120","2,471","2,169","2,350","2,161","2,121","1,908","1,440","1,466","1,335","1,652","1,425","1,128","1,034",963,771,631,562,425,354,255,165,140,72,85,56,43,59,"512,511","512,511","3,074","3,126","2,994","3,315","3,469","3,641","3,934","4,238","4,495","5,005","5,364","5,356","4,984","5,436","5,330","5,280","4,974","5,170","5,266","4,882","4,623","4,724","4,957","5,008","5,373","6,278","6,291","6,122","6,602","6,755","7,243","7,294","7,521","7,761","7,793","7,334","7,238","7,160","7,090","7,079","7,651","7,580","8,631","9,389","10,192","9,659","9,591","8,580","8,487","8,126","8,527","8,858","9,521","9,323","9,450","9,493","9,278","9,962","8,801","8,576","8,477","8,387","7,250","8,361","7,522","7,760","6,969","6,033","5,527","4,768","4,287","4,305","3,148","3,046","2,593","2,141","2,346","2,176","2,086","1,958","1,422","1,441","1,356","1,628","1,436","1,169","1,046",949,790,629,580,417,361,257,167,143,83,85,50,51,57
경기도 군포시 (4141000000),"249,683","249,683","1,112","1,092",968,"1,106","1,054","1,111","1,154","1,301","1,509","1,721","1,833","1,966","2,000","2,225","2,258","2,299","2,262","2,395","2,485","2,419","2,256","2,405","2,602","2,507","2,871","3,310","3,221","3,375","3,423","3,523","3,779","3,681","3,675","3,694","3,699","3,329","3,112","3,050","3,030","2,894","3,025","2,896","3,380","3,614","3,703","3,819","3,814","3,476","3,571","3,720","3,762","4,248","4,550","4,598","4,755","4,854","4,696","4,854","4,367","4,188","4,288","4,369","4,015","4,425","4,604","4,720","4,293","3,851","3,574","3,208","3,105","2,716","2,149","2,210","1,654","1,591","1,628","1,497","1,600","1,457","1,109","1,160","1,026","1,241","1,073",840,784,742,644,547,476,414,296,236,164,100,97,67,57,22,38,"249,283","249,283","1,131","1,100",962,"1,072","1,060","1,088","1,148","1,324","1,471","1,682","1,828","1,968","1,974","2,239","2,220","2,312","2,234","2,388","2,458","2,425","2,253","2,314","2,588","2,516","2,847","3,258","3,246","3,371","3,417","3,507","3,759","3,673","3,688","3,712","3,704","3,372","3,108","3,050","2,985","2,861","2,997","2,916","3,326","3,577","3,687","3,815","3,839","3,454","3,623","3,639","3,733","4,218","4,534","4,533","4,746","4,840","4,752","4,791","4,361","4,160","4,326","4,396","3,982","4,495","4,484","4,727","4,382","3,868","3,605","3,202","3,056","2,858","2,180","2,197","1,721","1,585","1,636","1,486","1,581","1,506","1,105","1,148","1,033","1,204","1,108",839,783,752,647,549,482,404,301,239,178,95,95,74,54,27,39,"248,987","248,987","1,152","1,105",938,"1,059","1,058","1,082","1,132","1,324","1,445","1,657","1,812","1,950","1,989","2,243","2,201","2,320","2,207","2,388","2,455","2,420","2,263","2,286","2,547","2,499","2,836","3,227","3,246","3,339","3,411","3,509","3,787","3,636","3,696","3,698","3,740","3,404","3,129","3,037","2,976","2,851","3,009","2,884","3,302","3,501","3,697","3,874","3,805","3,437","3,604","3,623","3,715","4,097","4,536","4,594","4,724","4,816","4,722","4,850","4,345","4,178","4,300","4,407","3,894","4,614","4,388","4,739","4,408","3,952","3,567","3,265","3,020","2,898","2,212","2,133","1,813","1,589","1,630","1,485","1,589","1,531","1,056","1,167","1,055","1,183","1,138",850,773,766,635,561,487,404,303,243,183,92,91,81,52,28,38
경기도 의왕시 (4143000000),"160,501","160,501","1,101","1,120","1,017","1,154","1,088","1,041","1,008","1,138","1,141","1,311","1,345","1,243","1,281","1,303","1,265","1,339","1,285","1,368","1,468","1,400","1,225","1,374","1,468","1,465","1,682","1,962","1,990","1,989","2,078","2,191","2,290","2,449","2,471","2,689","2,670","2,488","2,471","2,346","2,250","2,230","2,233","2,128","2,262","2,416","2,450","2,412","2,216","1,887","2,086","2,143","2,144","2,382","2,557","2,640","2,869","2,896","2,833","3,007","2,703","2,649","2,795","2,816","2,572","2,754","2,932","2,851","2,810","2,507","2,372","2,079","2,070","1,835","1,417","1,453","1,005","1,008","1,016","1,044",907,859,647,689,579,726,600,509,432,404,361,285,222,225,158,126,88,71,61,32,22,24,31,"161,537","161,537","1,191","1,163","1,015","1,172","1,128","1,057",992,"1,143","1,157","1,290","1,353","1,261","1,289","1,294","1,291","1,336","1,262","1,370","1,474","1,453","1,218","1,365","1,460","1,443","1,698","1,945","2,001","1,979","2,081","2,202","2,289","2,449","2,496","2,753","2,712","2,538","2,516","2,384","2,308","2,257","2,250","2,144","2,280","2,397","2,482","2,397","2,257","1,920","2,064","2,126","2,142","2,363","2,547","2,678","2,860","2,936","2,826","2,983","2,702","2,665","2,751","2,864","2,588","2,802","2,863","2,876","2,841","2,554","2,370","2,096","2,017","1,935","1,467","1,442","1,068",987,"1,034","1,034",933,862,663,679,588,720,610,517,440,397,367,284,237,227,154,132,88,69,66,34,23,23,31,"162,301","162,301","1,243","1,205","1,018","1,176","1,149","1,075",983,"1,148","1,152","1,301","1,325","1,291","1,281","1,309","1,297","1,326","1,281","1,329","1,467","1,500","1,223","1,337","1,490","1,422","1,651","1,958","1,996","1,975","2,093","2,209","2,296","2,428","2,546","2,743","2,779","2,548","2,540","2,430","2,324","2,282","2,255","2,150","2,319","2,344","2,515","2,416","2,281","1,939","2,037","2,109","2,191","2,334","2,544","2,662","2,902","2,943","2,776","3,033","2,733","2,664","2,745","2,882","2,534","2,906","2,786","2,925","2,879","2,545","2,405","2,117","2,010","1,976","1,500","1,428","1,111",994,"1,029","1,032",932,891,659,658,615,699,639,525,430,410,363,298,240,233,156,136,90,70,61,39,24,21,35
경기도 하남시 (4145000000),"326,516","326,516","2,096","2,164","2,048","2,239","2,391","2,406","2,753","3,032","3,229","3,613","3,874","3,718","3,534","3,649","3,391","3,482","3,142","3,046","3,235","2,683","2,442","2,615","2,631","2,718","3,064","3,677","3,612","3,734","4,177","4,227","4,539","4,514","4,668","5,058","5,255","4,805","4,783","4,972","4,897","5,136","5,361","5,230","6,233","6,587","6,800","6,489","6,502","5,368","5,585","5,271","5,017","5,314","5,241","5,329","5,348","5,168","4,736","4,814","4,400","4,215","4,274","4,271","3,923","4,356","4,642","4,809","4,402","4,118","3,906","3,630","3,600","3,384","2,721","2,890","1,987","2,080","2,056","1,970","1,882","1,634","1,170","1,190","1,005","1,130",938,690,676,602,493,422,324,278,195,166,116,100,83,45,41,18,42,"326,600","326,600","2,145","2,180","2,021","2,218","2,424","2,373","2,754","3,009","3,223","3,574","3,837","3,797","3,517","3,613","3,434","3,465","3,181","3,038","3,197","2,701","2,477","2,547","2,640","2,696","3,069","3,611","3,602","3,768","4,134","4,210","4,505","4,559","4,649","5,067","5,268","4,867","4,806","4,958","4,892","5,160","5,339","5,178","6,165","6,520","6,806","6,528","6,547","5,407","5,532","5,232","5,056","5,280","5,327","5,245","5,335","5,219","4,703","4,827","4,384","4,203","4,302","4,255","3,954","4,410","4,484","4,817","4,489","4,106","3,932","3,629","3,501","3,564","2,703","2,883","2,117","2,002","2,110","1,967","1,895","1,672","1,159","1,206","1,021","1,101",970,689,671,616,498,433,323,275,210,163,120,103,83,45,38,21,44,"326,468","326,468","2,163","2,181","2,016","2,211","2,374","2,417","2,694","2,998","3,200","3,537","3,799","3,801","3,546","3,612","3,419","3,476","3,218","3,019","3,192","2,722","2,498","2,523","2,641","2,675","3,013","3,566","3,578","3,769","4,114","4,235","4,480","4,501","4,671","4,994","5,286","4,894","4,822","4,965","4,851","5,153","5,391","5,163","6,082","6,476","6,773","6,595","6,538","5,495","5,493","5,170","5,087","5,208","5,361","5,279","5,333","5,195","4,738","4,870","4,409","4,192","4,312","4,217","3,857","4,538","4,399","4,821","4,525","4,148","3,936","3,634","3,481","3,638","2,697","2,887","2,213","1,949","2,123","1,951","1,899","1,720","1,155","1,204","1,043","1,098",984,702,668,618,514,419,332,276,218,159,116,109,85,50,35,24,42
경기도 용인시 (4146000000),"1,085,655","1,085,655","5,889","5,916","5,567","6,130","6,443","6,836","7,442","8,231","9,020","10,321","11,454","11,454","11,524","12,633","12,334","12,601","11,633","12,048","12,985","11,751","10,895","11,299","11,901","11,495","12,541","14,181","13,282","13,333","13,747","13,500","13,685","13,927","13,826","14,474","14,145","13,277","13,159","13,715","13,036","13,798","14,082","14,873","16,891","18,703","19,727","19,865","20,109","17,741","18,679","18,457","18,922","20,127","20,825","20,238","20,872","20,577","19,202","18,785","16,609","15,526","15,351","15,052","13,723","14,025","14,319","14,178","13,069","11,792","11,468","10,521","10,616","9,696","8,447","9,176","6,520","6,859","6,968","7,027","7,239","6,816","5,308","5,138","4,692","5,530","4,698","3,726","3,342","2,852","2,462","2,056","1,749","1,355",971,770,559,385,316,260,129,99,158,"1,085,315","1,085,315","6,051","5,916","5,552","6,070","6,470","6,763","7,428","8,128","8,936","10,095","11,442","11,539","11,455","12,535","12,363","12,666","11,586","11,984","12,878","11,767","10,811","11,243","11,889","11,402","12,457","14,067","13,356","13,353","13,772","13,394","13,796","14,008","13,859","14,521","14,314","13,376","13,181","13,691","13,034","13,758","14,151","14,674","16,746","18,451","19,728","19,806","20,193","17,908","18,427","18,276","18,904","19,963","20,833","20,119","20,713","20,722","19,177","18,854","16,703","15,545","15,403","15,189","13,782","14,234","13,924","14,268","13,255","11,971","11,390","10,486","10,363","10,153","8,454","9,074","6,868","6,743","7,002","6,939","7,248","6,918","5,334","5,138","4,721","5,411","4,802","3,814","3,354","2,856","2,481","2,100","1,781","1,378",996,746,574,404,314,256,139,94,159,"1,085,176","1,085,176","6,164","5,918","5,568","6,031","6,409","6,763","7,342","8,101","8,838","9,963","11,410","11,503","11,443","12,542","12,320","12,674","11,615","11,915","13,095","12,006","10,874","11,173","11,787","11,391","12,379","13,897","13,434","13,213","13,840","13,367","13,834","13,970","13,951","14,497","14,353","13,531","13,245","13,695","13,016","13,707","14,215","14,610","16,440","18,331","19,709","19,805","20,196","18,155","18,147","18,263","18,853","19,601","20,952","20,238","20,618","20,660","19,178","19,060","16,803","15,564","15,418","15,198","13,408","14,835","13,584","14,417","13,223","12,100","11,415","10,452","10,339","10,317","8,437","8,984","7,176","6,559","7,045","6,884","7,243","7,036","5,242","5,115","4,815","5,331","4,894","3,832","3,343","2,889","2,485","2,120","1,759","1,397","1,006",746,585,414,314,249,146,95,157
경기도 용인시 처인구 (4146100000),"282,147","282,147","1,589","1,560","1,461","1,565","1,675","1,713","1,746","1,995","2,068","2,314","2,560","2,401","2,450","2,715","2,733","2,656","2,466","2,551","2,829","2,687","2,596","2,626","2,882","3,009","3,137","3,606","3,393","3,453","3,620","3,566","3,697","3,824","3,831","4,092","3,903","3,715","3,589","3,597","3,419","3,617","3,675","3,827","4,279","4,750","4,982","4,769","4,804","4,221","4,425","4,340","4,497","4,897","5,095","5,046","5,106","5,217","5,033","5,156","4,614","4,697","4,653","4,632","4,042","4,585","4,773","4,695","4,265","3,849","3,570","3,296","3,233","2,922","2,473","2,712","1,845","1,844","1,825","1,734","1,787","1,565","1,278","1,251","1,081","1,382","1,144",869,818,739,593,511,476,380,260,202,151,123,82,62,41,27,41,"283,163","283,163","1,623","1,556","1,455","1,563","1,682","1,694","1,752","1,969","2,091","2,248","2,577","2,425","2,429","2,705","2,710","2,698","2,473","2,551","2,827","2,677","2,620","2,638","2,901","3,000","3,135","3,584","3,467","3,464","3,633","3,534","3,746","3,837","3,848","4,081","4,004","3,740","3,631","3,618","3,458","3,587","3,699","3,783","4,251","4,737","4,954","4,772","4,855","4,267","4,402","4,308","4,498","4,879","5,129","5,040","5,149","5,257","4,990","5,199","4,712","4,617","4,747","4,655","4,126","4,619","4,647","4,722","4,355","3,958","3,556","3,290","3,147","3,093","2,488","2,680","1,995","1,785","1,853","1,716","1,823","1,599","1,276","1,253","1,087","1,347","1,170",900,802,749,598,516,493,378,281,194,152,129,84,65,37,28,41,"284,074","284,074","1,640","1,554","1,479","1,541","1,673","1,688","1,758","1,960","2,093","2,227","2,566","2,420","2,423","2,698","2,659","2,754","2,468","2,552","3,059","2,888","2,676","2,651","2,853","3,007","3,110","3,491","3,551","3,447","3,653","3,549","3,764","3,804","3,887","4,044","4,009","3,783","3,632","3,668","3,477","3,566","3,725","3,795","4,185","4,742","4,950","4,792","4,851","4,349","4,328","4,312","4,510","4,769","5,173","5,125","5,089","5,261","5,004","5,230","4,745","4,615","4,760","4,692","4,033","4,781","4,525","4,814","4,386","3,983","3,596","3,300","3,163","3,139","2,500","2,638","2,115","1,735","1,863","1,735","1,818","1,632","1,240","1,248","1,130","1,306","1,204",902,810,759,596,524,472,392,276,201,148,132,83,68,36,27,40
경기도 용인시 기흥구 (4146300000),"432,305","432,305","2,158","2,228","2,065","2,265","2,371","2,532","2,712","3,062","3,355","3,946","4,350","4,434","4,483","5,077","4,980","5,165","4,739","4,978","5,425","4,920","4,536","4,859","5,029","4,693","5,268","5,965","5,656","5,590","5,627","5,609","5,514","5,605","5,312","5,453","5,230","4,936","4,857","5,081","4,961","4,980","5,272","5,458","6,290","7,265","7,602","7,909","8,054","7,028","7,619","7,381","7,813","8,305","8,740","8,511","8,785","8,655","7,957","7,753","6,878","6,217","6,095","5,922","5,479","5,409","5,496","5,421","4,996","4,540","4,474","4,078","4,173","3,794","3,250","3,615","2,576","2,718","2,758","2,820","2,977","2,876","2,171","2,089","1,975","2,222","2,011","1,569","1,381","1,175","1,054",861,732,575,396,327,239,157,128,114,52,38,74,"432,227","432,227","2,202","2,255","2,089","2,242","2,364","2,511","2,711","3,012","3,334","3,824","4,357","4,438","4,459","5,002","5,074","5,125","4,739","4,918","5,405","4,938","4,506","4,827","5,013","4,614","5,220","5,954","5,665","5,590","5,666","5,570","5,558","5,615","5,396","5,465","5,290","4,987","4,861","5,059","4,933","5,012","5,266","5,418","6,232","7,112","7,596","7,883","8,119","7,078","7,508","7,357","7,771","8,215","8,730","8,484","8,657","8,762","7,990","7,751","6,926","6,283","6,107","5,999","5,468","5,518","5,350","5,463","5,059","4,571","4,475","4,055","4,076","3,984","3,246","3,589","2,693","2,688","2,785","2,766","2,967","2,912","2,216","2,079","1,982","2,197","2,070","1,585","1,394","1,179","1,062",890,741,582,410,317,243,166,125,112,58,35,75,"432,257","432,257","2,238","2,249","2,084","2,244","2,339","2,491","2,661","2,971","3,309","3,771","4,367","4,424","4,451","4,998","5,085","5,066","4,803","4,868","5,396","4,964","4,524","4,769","5,018","4,611","5,190","5,925","5,649","5,512","5,743","5,532","5,570","5,615","5,438","5,462","5,308","5,110","4,885","5,030","4,911","4,996","5,268","5,413","6,121","7,030","7,584","7,863","8,145","7,176","7,404","7,371","7,754","8,067","8,757","8,564","8,650","8,727","8,011","7,856","6,986","6,300","6,127","5,975","5,348","5,774","5,223","5,541","5,039","4,644","4,480","4,041","4,084","4,067","3,230","3,558","2,815","2,631","2,789","2,734","2,983","2,961","2,178","2,067","2,022","2,188","2,097","1,604","1,385","1,184","1,062",907,742,583,420,315,250,177,127,105,65,36,75
경기도 용인시 수지구 (4146500000),"371,203","371,203","2,142","2,128","2,041","2,300","2,397","2,591","2,984","3,174","3,597","4,061","4,544","4,619","4,591","4,841","4,621","4,780","4,428","4,519","4,731","4,144","3,763","3,814","3,990","3,793","4,136","4,610","4,233","4,290","4,500","4,325","4,474","4,498","4,683","4,929","5,012","4,626","4,713","5,037","4,656","5,201","5,135","5,588","6,322","6,688","7,143","7,187","7,251","6,492","6,635","6,736","6,612","6,925","6,990","6,681","6,981","6,705","6,212","5,876","5,117","4,612","4,603","4,498","4,202","4,031","4,050","4,062","3,808","3,403","3,424","3,147","3,210","2,980","2,724","2,849","2,099","2,297","2,385","2,473","2,475","2,375","1,859","1,798","1,636","1,926","1,543","1,288","1,143",938,815,684,541,400,315,241,169,105,106,84,36,34,43,"369,925","369,925","2,226","2,105","2,008","2,265","2,424","2,558","2,965","3,147","3,511","4,023","4,508","4,676","4,567","4,828","4,579","4,843","4,374","4,515","4,646","4,152","3,685","3,778","3,975","3,788","4,102","4,529","4,224","4,299","4,473","4,290","4,492","4,556","4,615","4,975","5,020","4,649","4,689","5,014","4,643","5,159","5,186","5,473","6,263","6,602","7,178","7,151","7,219","6,563","6,517","6,611","6,635","6,869","6,974","6,595","6,907","6,703","6,197","5,904","5,065","4,645","4,549","4,535","4,188","4,097","3,927","4,083","3,841","3,442","3,359","3,141","3,140","3,076","2,720","2,805","2,180","2,270","2,364","2,457","2,458","2,407","1,842","1,806","1,652","1,867","1,562","1,329","1,158",928,821,694,547,418,305,235,179,109,105,79,44,31,43,"368,845","368,845","2,286","2,115","2,005","2,246","2,397","2,584","2,923","3,170","3,436","3,965","4,477","4,659","4,569","4,846","4,576","4,854","4,344","4,495","4,640","4,154","3,674","3,753","3,916","3,773","4,079","4,481","4,234","4,254","4,444","4,286","4,500","4,551","4,626","4,991","5,036","4,638","4,728","4,997","4,628","5,145","5,222","5,402","6,134","6,559","7,175","7,150","7,200","6,630","6,415","6,580","6,589","6,765","7,022","6,549","6,879","6,672","6,163","5,974","5,072","4,649","4,531","4,531","4,027","4,280","3,836","4,062","3,798","3,473","3,339","3,111","3,092","3,111","2,707","2,788","2,246","2,193","2,393","2,415","2,442","2,443","1,824","1,800","1,663","1,837","1,593","1,326","1,148",946,827,689,545,422,310,230,187,105,104,76,45,32,42
경기도 파주시 (4148000000),"526,410","526,410","3,109","3,042","2,993","3,467","3,581","3,786","4,158","4,291","4,717","5,191","5,562","5,632","5,449","5,974","5,680","5,840","5,250","5,448","5,752","4,913","4,600","4,562","4,734","4,651","5,208","6,054","6,061","6,115","6,244","6,250","6,554","7,131","7,293","7,792","7,586","7,021","7,053","7,423","7,720","7,548","8,267","7,773","8,563","9,540","9,810","9,585","9,332","8,099","8,456","8,186","8,426","8,784","9,377","9,484","9,795","9,573","8,856","8,878","7,789","7,767","7,600","7,445","6,902","7,507","7,780","7,557","6,738","6,353","6,111","5,480","5,300","4,748","3,977","4,163","2,718","3,064","3,200","3,132","3,204","2,882","2,338","2,369","2,259","2,632","2,277","1,896","1,738","1,511","1,267","1,036",886,698,469,387,304,241,136,124,91,45,70,"528,015","528,015","3,150","3,094","2,984","3,419","3,630","3,777","4,141","4,326","4,663","5,163","5,561","5,714","5,430","5,946","5,712","5,871","5,283","5,465","5,669","4,928","4,594","4,508","4,704","4,648","5,146","6,008","6,090","6,129","6,318","6,249","6,553","7,178","7,280","7,840","7,697","7,166","7,067","7,479","7,694","7,574","8,238","7,844","8,496","9,464","9,934","9,551","9,429","8,177","8,479","8,057","8,476","8,798","9,369","9,435","9,799","9,686","8,894","8,824","7,927","7,664","7,723","7,503","6,966","7,571","7,638","7,575","6,922","6,422","6,055","5,587","5,077","5,115","3,999","4,183","2,888","2,989","3,182","3,118","3,230","2,966","2,303","2,393","2,271","2,564","2,337","1,921","1,749","1,496","1,283","1,053",914,710,495,390,315,242,147,117,99,49,69,"529,217","529,217","3,212","3,065","3,056","3,351","3,646","3,778","4,136","4,296","4,650","5,101","5,529","5,744","5,478","5,888","5,695","5,934","5,295","5,457","5,698","4,964","4,618","4,463","4,723","4,653","5,124","5,992","6,097","6,130","6,336","6,242","6,570","7,105","7,329","7,812","7,771","7,261","7,103","7,481","7,641","7,667","8,215","7,859","8,469","9,351","9,931","9,623","9,600","8,215","8,389","8,098","8,510","8,622","9,442","9,471","9,842","9,704","8,912","8,961","7,950","7,710","7,684","7,574","6,790","7,851","7,549","7,626","6,914","6,505","6,100","5,696","5,028","5,215","4,017","4,130","3,042","2,915","3,254","3,081","3,236","3,036","2,220","2,393","2,319","2,560","2,368","1,967","1,736","1,519","1,297","1,060",928,712,510,383,313,243,145,121,91,51,73
경기도 이천시 (4150000000),"222,186","222,186","1,246","1,171","1,076","1,207","1,205","1,234","1,334","1,470","1,614","1,903","1,989","2,076","1,949","2,260","2,247","2,216","2,023","2,123","2,300","2,063","2,034","1,980","1,976","2,053","2,375","3,031","3,044","3,186","3,397","3,335","3,443","3,491","3,416","3,481","3,043","2,767","2,961","2,919","2,734","2,775","2,920","2,874","3,171","3,530","3,701","3,352","3,527","3,403","3,433","3,437","3,281","3,615","3,793","3,723","3,770","3,909","3,839","3,774","3,482","3,555","3,520","3,609","3,075","3,495","3,906","3,816","3,410","3,152","2,940","2,668","2,551","2,213","1,905","2,157","1,413","1,406","1,378","1,339","1,336","1,280",915,970,948,"1,114",942,743,682,640,515,411,401,311,246,153,111,92,55,43,32,17,40,"222,519","222,519","1,303","1,171","1,077","1,210","1,180","1,281","1,308","1,473","1,591","1,839","2,010","2,101","1,923","2,252","2,225","2,242","2,032","2,103","2,293","2,056","1,999","1,976","1,945","2,046","2,362","3,021","3,034","3,200","3,388","3,349","3,431","3,532","3,401","3,506","3,111","2,796","2,983","2,911","2,737","2,779","2,941","2,891","3,162","3,460","3,691","3,391","3,542","3,357","3,474","3,333","3,372","3,544","3,852","3,706","3,760","3,888","3,821","3,850","3,504","3,466","3,552","3,655","3,074","3,552","3,772","3,874","3,495","3,138","2,967","2,685","2,501","2,360","1,908","2,122","1,528","1,367","1,409","1,312","1,333","1,313",900,992,934,"1,116",955,751,677,644,514,426,393,316,251,151,121,90,57,40,35,17,40,"222,799","222,799","1,321","1,197","1,070","1,176","1,209","1,262","1,277","1,490","1,574","1,811","2,004","2,099","1,973","2,193","2,226","2,250","2,045","2,107","2,378","2,117","2,013","1,963","1,931","2,039","2,335","2,999","3,038","3,169","3,359","3,367","3,454","3,472","3,422","3,519","3,148","2,820","2,993","2,952","2,719","2,773","2,936","2,928","3,107","3,416","3,712","3,433","3,564","3,329","3,499","3,252","3,414","3,468","3,859","3,758","3,763","3,879","3,807","3,895","3,530","3,442","3,536","3,655","3,077","3,647","3,628","3,962","3,512","3,149","3,018","2,687","2,496","2,411","1,886","2,105","1,606","1,347","1,418","1,317","1,331","1,316",896,966,954,"1,122",956,755,676,664,515,434,373,328,240,157,124,92,52,46,33,18,39
경기도 안성시 (4155000000),"196,162","196,162",943,870,862,917,908,961,"1,042","1,155","1,285","1,401","1,572","1,565","1,629","1,800","1,870","1,796","1,754","1,806","1,890","1,783","1,815","1,836","1,990","2,031","2,289","2,397","2,269","2,336","2,402","2,330","2,457","2,491","2,547","2,488","2,371","2,157","2,217","2,238","2,250","2,250","2,285","2,328","2,651","3,078","3,212","3,193","3,225","2,918","2,952","2,965","2,997","3,088","3,529","3,388","3,635","3,614","3,591","3,590","3,245","3,248","3,284","3,301","3,016","3,275","3,578","3,684","3,338","3,048","2,870","2,605","2,686","2,415","1,963","2,149","1,579","1,508","1,428","1,372","1,527","1,357","1,023","1,061",964,"1,208",997,801,823,709,641,546,411,353,277,215,140,94,75,44,33,22,40,"196,556","196,556",966,884,841,913,911,977,"1,032","1,147","1,271","1,379","1,574","1,544","1,639","1,779","1,854","1,837","1,751","1,808","1,909","1,865","1,838","1,871","1,982","2,057","2,227","2,423","2,316","2,298","2,416","2,298","2,452","2,520","2,548","2,490","2,396","2,183","2,224","2,205","2,264","2,259","2,288","2,306","2,646","3,050","3,181","3,207","3,239","2,931","2,970","2,944","3,014","3,069","3,508","3,433","3,551","3,690","3,547","3,564","3,282","3,217","3,311","3,340","3,011","3,334","3,445","3,764","3,355","3,081","2,892","2,611","2,639","2,510","1,986","2,109","1,682","1,490","1,443","1,361","1,529","1,355","1,026","1,076",993,"1,156","1,037",809,791,715,647,553,418,355,280,213,145,97,74,46,31,22,39,"197,389","197,389",963,891,874,901,919,972,"1,026","1,140","1,248","1,376","1,552","1,566","1,629","1,814","1,815","1,867","1,761","1,808","1,970","1,916","1,817","1,898","1,949","2,087","2,212","2,439","2,337","2,281","2,424","2,298","2,476","2,515","2,544","2,554","2,420","2,212","2,256","2,236","2,207","2,294","2,303","2,302","2,620","3,029","3,192","3,205","3,302","2,919","2,984","2,899","3,063","3,037","3,522","3,527","3,567","3,686","3,575","3,623","3,307","3,220","3,323","3,374","2,950","3,452","3,344","3,799","3,363","3,116","2,932","2,614","2,633","2,520","2,021","2,070","1,778","1,461","1,460","1,378","1,506","1,398","1,008","1,037","1,038","1,134","1,046",831,777,721,656,556,424,361,281,218,152,99,70,49,27,26,40
경기도 김포시 (4157000000),"482,553","482,553","2,559","2,685","2,736","3,224","3,355","3,588","4,012","4,426","4,852","5,721","6,101","6,010","5,883","6,356","6,072","5,766","5,216","5,248","5,147","4,424","3,974","3,917","3,930","3,948","4,320","5,153","4,976","5,126","5,320","5,308","5,721","5,793","5,806","6,177","6,362","6,127","6,012","6,443","6,674","6,750","7,328","7,716","9,126","9,927","10,672","10,072","10,092","8,798","8,792","8,212","8,157","8,384","8,289","8,103","8,051","7,664","7,248","7,244","6,808","6,433","6,340","6,610","5,862","6,373","6,704","6,680","6,284","5,815","5,707","5,174","5,086","4,681","3,835","4,122","2,897","2,963","3,115","3,010","2,873","2,633","1,970","1,971","1,829","2,092","1,686","1,410","1,236","1,050",933,739,647,500,364,266,229,162,104,95,72,39,61,"482,268","482,268","2,564","2,696","2,698","3,179","3,358","3,557","4,000","4,393","4,785","5,616","6,086","6,072","5,868","6,280","6,137","5,788","5,253","5,227","5,120","4,415","3,967","3,858","3,920","3,883","4,268","5,086","4,996","5,139","5,260","5,332","5,747","5,795","5,778","6,142","6,463","6,144","6,041","6,371","6,646","6,703","7,295","7,679","9,025","9,770","10,670","10,142","10,133","8,824","8,798","8,129","8,266","8,309","8,258","8,136","8,062","7,674","7,248","7,209","6,843","6,376","6,466","6,604","5,906","6,435","6,515","6,757","6,331","5,798","5,756","5,195","4,969","4,895","3,852","4,080","3,088","2,876","3,128","3,015","2,870","2,666","1,986","1,990","1,805","2,083","1,740","1,419","1,252","1,053",934,755,646,518,373,269,219,173,107,94,67,44,62,"482,150","482,150","2,592","2,689","2,677","3,113","3,317","3,562","3,972","4,320","4,809","5,471","6,105","6,085","5,855","6,287","6,140","5,841","5,277","5,237","5,127","4,425","3,992","3,853","3,863","3,883","4,215","4,997","5,002","5,034","5,305","5,324","5,742","5,745","5,762","6,171","6,497","6,157","6,027","6,427","6,591","6,688","7,263","7,628","8,928","9,648","10,602","10,266","10,169","8,857","8,753","8,121","8,291","8,166","8,369","8,150","8,084","7,667","7,245","7,293","6,812","6,445","6,472","6,524","5,865","6,669","6,370","6,825","6,376","5,816","5,774","5,218","4,920","5,006","3,861","4,013","3,241","2,814","3,159","2,985","2,884","2,719","1,972","1,997","1,833","2,061","1,781","1,444","1,253","1,063",937,773,656,511,380,280,219,167,113,95,64,47,60
경기도 화성시 (4159000000),"990,496","990,496","8,169","7,779","7,496","7,976","8,380","8,423","9,078","9,523","10,422","11,567","12,227","12,274","11,859","13,093","12,395","12,244","11,191","11,224","11,440","9,805","8,784","8,778","8,822","8,503","9,608","11,534","12,032","12,768","13,489","14,379","15,545","15,905","16,942","17,251","17,258","15,817","16,420","16,466","16,114","16,212","16,584","16,803","18,270","21,107","21,060","20,544","19,940","17,341","17,851","16,679","16,623","16,527","16,940","16,044","15,979","15,791","14,637","14,398","12,449","12,284","11,853","11,832","10,199","11,184","11,549","11,549","10,086","9,153","8,220","7,426","7,368","6,560","5,275","5,613","4,020","3,877","3,926","3,660","3,647","3,268","2,361","2,492","2,226","2,750","2,227","1,778","1,670","1,493","1,312","1,167",947,718,582,457,298,229,155,122,90,40,74,"992,805","992,805","8,438","7,855","7,436","7,960","8,403","8,459","9,038","9,441","10,382","11,437","12,188","12,357","11,904","12,950","12,487","12,238","11,309","11,251","11,388","9,838","8,813","8,718","8,807","8,491","9,548","11,404","12,081","12,818","13,514","14,393","15,486","16,043","16,931","17,348","17,499","16,105","16,428","16,492","16,107","16,261","16,558","16,773","18,084","20,865","21,112","20,568","20,061","17,551","17,795","16,491","16,797","16,428","17,040","16,075","16,004","15,788","14,694","14,566","12,502","12,218","11,951","11,982","10,322","11,313","11,160","11,741","10,339","9,197","8,347","7,405","7,186","6,997","5,309","5,522","4,295","3,800","3,915","3,712","3,658","3,316","2,391","2,484","2,231","2,720","2,278","1,786","1,664","1,528","1,287","1,198",967,722,589,458,317,224,152,122,87,41,76,"994,124","994,124","8,612","7,975","7,429","7,865","8,363","8,459","9,002","9,356","10,292","11,320","12,112","12,399","11,988","12,793","12,523","12,357","11,374","11,208","11,430","9,839","8,920","8,620","8,809","8,537","9,415","11,269","12,109","12,781","13,617","14,366","15,533","15,922","17,060","17,357","17,607","16,270","16,450","16,590","16,104","16,231","16,609","16,685","18,028","20,560","21,220","20,658","20,106","17,683","17,786","16,469","16,737","16,208","17,140","16,292","16,077","15,773","14,648","14,794","12,567","12,228","11,974","11,978","10,160","11,705","10,850","11,858","10,463","9,312","8,438","7,426","7,184","7,101","5,347","5,438","4,538","3,694","3,953","3,724","3,685","3,359","2,366","2,452","2,284","2,704","2,304","1,837","1,644","1,532","1,285","1,204",966,739,595,464,314,227,154,124,89,43,79
경기도 화성시 만세구 (4159100000),"234,192","234,192","1,260","1,287","1,307","1,341","1,433","1,633","1,727","1,746","2,066","2,197","2,367","2,415","2,295","2,515","2,482","2,392","2,241","2,229","2,311","1,919","1,802","1,740","1,723","1,722","2,055","2,571","2,803","2,990","3,062","3,072","3,386","3,186","3,293","3,170","3,252","3,111","3,162","3,099","3,102","3,147","3,328","3,409","3,952","4,356","4,384","4,427","4,344","3,788","3,908","3,723","3,806","4,010","4,103","4,126","3,985","4,099","3,976","4,072","3,667","3,771","3,698","3,767","3,322","3,648","4,018","4,031","3,525","3,198","2,772","2,616","2,522","2,284","1,855","1,890","1,407","1,370","1,413","1,338","1,311","1,153",892,914,808,"1,064",876,697,688,649,545,488,404,297,261,202,122,99,66,56,39,17,25,"234,048","234,048","1,287","1,262","1,281","1,330","1,412","1,607","1,739","1,734","2,061","2,153","2,336","2,442","2,291","2,521","2,487","2,371","2,264","2,270","2,278","1,915","1,810","1,722","1,697","1,692","2,046","2,533","2,786","3,027","3,035","3,100","3,362","3,176","3,294","3,163","3,252","3,141","3,157","3,056","3,093","3,148","3,293","3,400","3,886","4,321","4,391","4,399","4,351","3,852","3,884","3,680","3,853","3,900","4,167","4,090","4,011","4,098","3,918","4,118","3,650","3,740","3,706","3,831","3,348","3,669","3,839","4,129","3,629","3,220","2,796","2,614","2,464","2,435","1,847","1,864","1,490","1,351","1,408","1,342","1,319","1,159",922,905,806,"1,050",893,699,681,663,545,497,401,299,263,197,135,97,68,54,36,19,25,"234,030","234,030","1,298","1,261","1,271","1,335","1,369","1,628","1,736","1,702","2,027","2,122","2,327","2,461","2,298","2,488","2,485","2,406","2,278","2,275","2,250","1,952","1,811","1,704","1,705","1,689","2,032","2,470","2,774","3,010","3,072","3,102","3,363","3,155","3,320","3,131","3,288","3,147","3,126","3,068","3,089","3,132","3,289","3,372","3,834","4,289","4,398","4,425","4,328","3,901","3,879","3,660","3,860","3,772","4,188","4,156","4,024","4,110","3,893","4,161","3,646","3,733","3,709","3,801","3,286","3,830","3,725","4,150","3,700","3,228","2,873","2,598","2,458","2,465","1,854","1,854","1,572","1,308","1,402","1,359","1,332","1,175",905,883,842,"1,018",909,724,667,666,542,505,405,302,262,204,132,99,71,52,40,19,29
경기도 화성시 효행구 (4159300000),"159,033","159,033","1,411","1,396","1,299","1,352","1,284","1,190","1,266","1,269","1,380","1,422","1,536","1,515","1,510","1,630","1,665","1,600","1,542","1,511","1,607","1,506","1,385","1,468","1,539","1,498","1,564","1,802","1,711","1,749","1,899","2,007","2,187","2,282","2,676","2,857","2,894","2,707","2,720","2,655","2,452","2,564","2,356","2,393","2,553","2,904","2,980","2,808","2,783","2,417","2,467","2,426","2,524","2,574","2,783","2,617","2,729","2,662","2,539","2,572","2,242","2,304","2,211","2,343","1,952","2,306","2,283","2,361","2,071","1,908","1,706","1,466","1,522","1,417","1,131","1,196",883,805,836,782,784,766,513,497,472,630,495,407,377,326,286,286,214,162,139,97,72,51,47,36,21,9,27,"159,043","159,043","1,435","1,411","1,287","1,336","1,289","1,193","1,263","1,264","1,354","1,420","1,543","1,522","1,504","1,610","1,642","1,623","1,553","1,498","1,639","1,523","1,375","1,495","1,509","1,529","1,522","1,798","1,697","1,773","1,880","1,987","2,164","2,306","2,580","2,863","2,930","2,724","2,705","2,641","2,473","2,539","2,362","2,398","2,534","2,853","3,003","2,804","2,816","2,414","2,482","2,363","2,533","2,563","2,767","2,636","2,712","2,678","2,543","2,559","2,252","2,305","2,227","2,336","1,991","2,309","2,204","2,383","2,136","1,898","1,727","1,479","1,486","1,495","1,147","1,160",952,796,821,787,789,765,515,513,458,616,503,412,367,345,284,282,227,162,137,101,71,50,43,36,20,9,28,"159,034","159,034","1,453","1,426","1,273","1,325","1,282","1,211","1,267","1,243","1,353","1,415","1,532","1,512","1,507","1,587","1,639","1,651","1,562","1,490","1,630","1,503","1,406","1,476","1,480","1,553","1,507","1,784","1,697","1,755","1,878","1,975","2,171","2,269","2,545","2,870","2,921","2,706","2,731","2,628","2,479","2,533","2,388","2,402","2,533","2,814","2,994","2,817","2,844","2,440","2,471","2,342","2,521","2,524","2,782","2,646","2,725","2,660","2,551","2,589","2,260","2,313","2,211","2,338","1,954","2,390","2,130","2,411","2,141","1,924","1,748","1,478","1,468","1,520","1,165","1,141","1,000",767,847,774,794,779,511,532,459,614,520,405,366,334,294,283,221,166,145,97,78,50,41,40,21,7,29
경기도 화성시 병점구 (4159500000),"172,697","172,697","1,276","1,241","1,204","1,328","1,367","1,404","1,444","1,608","1,580","1,808","1,783","1,837","1,738","1,978","1,880","1,916","1,752","1,856","1,922","1,763","1,636","1,762","1,854","1,781","2,047","2,380","2,472","2,583","2,601","2,749","2,870","2,942","3,073","3,058","3,009","2,736","2,846","2,853","2,837","2,784","2,842","2,831","2,965","3,601","3,456","3,313","3,189","2,762","3,009","2,738","2,915","2,971","2,995","2,887","2,853","2,921","2,681","2,653","2,293","2,291","2,112","2,073","1,798","2,052","2,011","2,027","1,739","1,651","1,498","1,323","1,364","1,142",982,"1,058",732,747,663,671,683,629,424,477,442,466,397,309,276,258,251,178,147,101,71,67,41,49,18,15,13,7,11,"173,650","173,650","1,377","1,237","1,211","1,367","1,343","1,430","1,455","1,590","1,589","1,786","1,783","1,855","1,748","1,962","1,895","1,916","1,729","1,883","1,922","1,765","1,657","1,742","1,848","1,816","2,014","2,373","2,465","2,640","2,624","2,771","2,867","3,018","3,066","3,057","3,113","2,801","2,858","2,896","2,842","2,815","2,828","2,846","2,909","3,575","3,484","3,316","3,237","2,801","2,993","2,729","2,933","2,928","3,052","2,878","2,877","2,879","2,742","2,680","2,337","2,248","2,153","2,099","1,813","2,081","1,942","2,063","1,778","1,649","1,536","1,288","1,334","1,239",983,"1,060",777,734,660,696,674,638,422,479,442,469,408,314,277,259,234,194,155,108,69,72,40,46,19,15,14,8,11,"174,120","174,120","1,425","1,266","1,224","1,339","1,345","1,400","1,456","1,581","1,565","1,778","1,765","1,874","1,765","1,937","1,898","1,931","1,758","1,845","1,929","1,773","1,689","1,703","1,858","1,826","1,968","2,375","2,489","2,627","2,652","2,802","2,831","3,001","3,129","3,066","3,123","2,836","2,897","2,894","2,834","2,841","2,822","2,821","2,945","3,485","3,543","3,312","3,270","2,812","3,014","2,705","2,900","2,897","3,107","2,915","2,885","2,880","2,728","2,715","2,387","2,226","2,196","2,110","1,771","2,142","1,891","2,089","1,799","1,675","1,535","1,332","1,311","1,274",994,"1,029",830,722,663,698,679,654,417,465,449,483,401,322,282,255,237,195,158,110,64,77,36,45,21,14,13,9,9
경기도 화성시 동탄구 (4159700000),"424,574","424,574","4,222","3,855","3,686","3,955","4,296","4,196","4,641","4,900","5,396","6,140","6,541","6,507","6,316","6,970","6,368","6,336","5,656","5,628","5,600","4,617","3,961","3,808","3,706","3,502","3,942","4,781","5,046","5,446","5,927","6,551","7,102","7,495","7,900","8,166","8,103","7,263","7,692","7,859","7,723","7,717","8,058","8,170","8,800","10,246","10,240","9,996","9,624","8,374","8,467","7,792","7,378","6,972","7,059","6,414","6,412","6,109","5,441","5,101","4,247","3,918","3,832","3,649","3,127","3,178","3,237","3,130","2,751","2,396","2,244","2,021","1,960","1,717","1,307","1,469",998,955,"1,014",869,869,720,532,604,504,590,459,365,329,260,230,215,182,158,111,91,63,30,24,15,17,7,11,"426,064","426,064","4,339","3,945","3,657","3,927","4,359","4,229","4,581","4,853","5,378","6,078","6,526","6,538","6,361","6,857","6,463","6,328","5,763","5,600","5,549","4,635","3,971","3,759","3,753","3,454","3,966","4,700","5,133","5,378","5,975","6,535","7,093","7,543","7,991","8,265","8,204","7,439","7,708","7,899","7,699","7,759","8,075","8,129","8,755","10,116","10,234","10,049","9,657","8,484","8,436","7,719","7,478","7,037","7,054","6,471","6,404","6,133","5,491","5,209","4,263","3,925","3,865","3,716","3,170","3,254","3,175","3,166","2,796","2,430","2,288","2,024","1,902","1,828","1,332","1,438","1,076",919,"1,026",887,876,754,532,587,525,585,474,361,339,261,224,225,184,153,120,88,71,31,22,17,17,5,12,"426,940","426,940","4,436","4,022","3,661","3,866","4,367","4,220","4,543","4,830","5,347","6,005","6,488","6,552","6,418","6,781","6,501","6,369","5,776","5,598","5,621","4,611","4,014","3,737","3,766","3,469","3,908","4,640","5,149","5,389","6,015","6,487","7,168","7,497","8,066","8,290","8,275","7,581","7,696","8,000","7,702","7,725","8,110","8,090","8,716","9,972","10,285","10,104","9,664","8,530","8,422","7,762","7,456","7,015","7,063","6,575","6,443","6,123","5,476","5,329","4,274","3,956","3,858","3,729","3,149","3,343","3,104","3,208","2,823","2,485","2,282","2,018","1,947","1,842","1,334","1,414","1,136",897,"1,041",893,880,751,533,572,534,589,474,386,329,277,212,221,182,161,124,86,68,33,21,18,15,8,12
경기도 광주시 (4161000000),"395,503","395,503","2,034","2,131","2,086","2,347","2,480","2,594","2,745","3,020","3,247","3,640","3,760","3,745","3,526","3,884","3,743","3,702","3,270","3,481","3,658","3,361","2,996","3,183","3,145","3,198","3,596","4,287","4,212","4,360","4,392","4,623","4,876","4,944","5,123","5,339","5,291","4,930","5,041","5,041","5,179","5,296","5,721","5,728","6,626","7,396","7,632","7,446","7,244","6,231","6,449","6,213","6,427","6,785","7,011","7,169","7,426","7,364","7,147","7,419","6,415","6,547","6,491","6,556","5,727","6,461","6,755","6,972","6,329","5,807","5,440","5,040","4,954","4,363","3,572","3,774","2,728","2,542","2,617","2,484","2,519","2,195","1,605","1,603","1,510","1,727","1,445","1,116","1,063",867,740,622,492,388,309,216,163,127,98,57,46,30,51,"395,517","395,517","2,079","2,127","2,084","2,323","2,437","2,568","2,745","2,978","3,237","3,584","3,748","3,762","3,539","3,878","3,721","3,758","3,261","3,494","3,608","3,323","3,023","3,100","3,118","3,188","3,559","4,227","4,240","4,341","4,387","4,584","4,866","4,956","5,121","5,309","5,342","4,994","5,009","5,030","5,200","5,282","5,648","5,735","6,524","7,297","7,692","7,438","7,285","6,262","6,425","6,200","6,457","6,694","7,058","7,120","7,432","7,386","7,075","7,458","6,472","6,465","6,508","6,592","5,828","6,524","6,562","6,987","6,443","5,886","5,448","5,016","4,781","4,691","3,624","3,722","2,889","2,495","2,648","2,452","2,526","2,274","1,614","1,608","1,492","1,724","1,494","1,100","1,098",863,734,624,512,402,307,205,184,119,104,57,46,31,50,"395,764","395,764","2,086","2,123","2,096","2,293","2,421","2,573","2,721","2,960","3,217","3,565","3,711","3,797","3,546","3,862","3,708","3,834","3,265","3,482","3,600","3,338","3,016","3,047","3,103","3,170","3,563","4,157","4,240","4,330","4,395","4,568","4,890","4,890","5,153","5,328","5,393","4,991","5,049","5,035","5,159","5,264","5,671","5,706","6,443","7,215","7,710","7,523","7,323","6,293","6,405","6,185","6,457","6,565","7,105","7,173","7,427","7,327","7,117","7,520","6,477","6,501","6,491","6,595","5,727","6,693","6,438","7,081","6,452","5,907","5,482","5,082","4,775","4,780","3,642","3,649","3,037","2,463","2,671","2,460","2,516","2,317","1,591","1,589","1,532","1,692","1,535","1,130","1,081",873,741,614,525,413,305,208,187,116,98,66,43,35,50
경기도 양주시 (4163000000),"295,621","295,621","1,917","1,971","2,038","2,192","2,079","2,145","2,315","2,420","2,584","2,832","2,966","2,786","2,852","3,146","3,045","2,990","2,756","2,793","2,961","2,716","2,502","2,671","2,649","2,740","3,012","3,394","3,347","3,310","3,562","3,574","3,726","4,119","4,103","4,319","4,316","3,975","3,929","3,833","3,907","3,823","4,093","4,090","4,638","5,057","5,187","5,037","5,061","4,423","4,393","4,404","4,735","4,993","5,396","5,229","5,217","5,348","5,019","4,998","4,456","4,550","4,484","4,369","4,020","4,348","4,385","4,527","4,160","3,928","3,839","3,411","3,462","3,059","2,484","2,618","1,787","1,853","1,984","1,873","1,950","1,810","1,363","1,460","1,242","1,502","1,205","1,022",921,769,678,556,480,398,286,213,155,116,95,63,48,19,40,"295,709","295,709","1,944","2,006","2,006","2,189","2,053","2,190","2,253","2,443","2,541","2,811","2,977","2,835","2,835","3,137","3,038","3,015","2,802","2,758","2,941","2,714","2,496","2,612","2,632","2,734","2,960","3,368","3,328","3,369","3,479","3,569","3,760","4,129","4,036","4,354","4,289","4,055","3,948","3,841","3,884","3,817","4,088","4,067","4,645","4,960","5,218","5,023","5,091","4,482","4,395","4,316","4,748","4,912","5,443","5,238","5,203","5,305","5,023","5,041","4,495","4,485","4,574","4,393","3,969","4,422","4,319","4,500","4,215","3,966","3,880","3,405","3,314","3,306","2,473","2,579","1,911","1,817","1,976","1,892","1,916","1,849","1,345","1,489","1,257","1,472","1,246","1,021",899,797,680,562,474,417,285,220,154,113,105,61,49,18,43,"295,788","295,788","1,977","1,992","1,950","2,205","2,056","2,178","2,245","2,442","2,491","2,832","2,972","2,817","2,869","3,105","3,058","3,012","2,789","2,793","2,947","2,702","2,526","2,588","2,632","2,696","2,919","3,381","3,278","3,383","3,459","3,589","3,711","4,089","4,049","4,352","4,312","4,005","4,028","3,804","3,885","3,812","4,118","4,014","4,589","4,958","5,201","5,081","5,094","4,503","4,409","4,279","4,710","4,840","5,456","5,298","5,202","5,299","4,991","5,132","4,488","4,504","4,562","4,444","3,851","4,554","4,288","4,524","4,276","3,987","3,863","3,463","3,300","3,373","2,455","2,561","1,990","1,797","1,970","1,874","1,907","1,893","1,316","1,497","1,287","1,441","1,271","1,018",922,788,698,574,469,418,290,220,162,110,100,65,49,18,47
경기도 포천시 (4165000000),"139,783","139,783",501,453,460,492,504,530,587,631,691,745,805,831,864,991,993,988,"1,036","1,003","1,178","1,083",969,"1,043","1,228","1,245","1,418","1,639","1,559","1,537","1,658","1,558","1,597","1,569","1,530","1,489","1,422","1,314","1,200","1,231","1,227","1,182","1,245","1,263","1,369","1,481","1,656","1,643","1,681","1,603","1,744","1,681","1,933","2,158","2,356","2,524","2,666","2,722","2,696","3,040","2,753","2,981","3,022","3,135","2,832","3,132","3,307","3,509","3,254","3,088","2,904","2,482","2,436","2,234","1,713","1,730","1,104","1,160","1,331","1,240","1,311","1,217",938,941,897,"1,020",898,768,770,674,534,465,407,302,213,177,129,102,71,47,34,24,55,"139,859","139,859",515,469,458,476,506,530,587,616,690,747,787,836,838,976,998,976,"1,052",983,"1,175","1,064",996,"1,030","1,187","1,265","1,399","1,619","1,580","1,526","1,692","1,521","1,618","1,568","1,538","1,485","1,450","1,313","1,233","1,217","1,220","1,208","1,231","1,255","1,346","1,504","1,622","1,667","1,649","1,596","1,751","1,654","1,960","2,109","2,346","2,495","2,669","2,740","2,666","2,999","2,775","2,932","3,099","3,104","2,825","3,203","3,199","3,559","3,296","3,061","2,951","2,491","2,379","2,405","1,733","1,720","1,181","1,138","1,330","1,219","1,337","1,208",926,973,874,"1,023",914,763,771,695,529,460,417,309,212,185,127,105,65,57,26,25,55,"139,864","139,864",531,467,463,471,500,529,568,615,688,727,777,855,830,978,987,983,"1,053",973,"1,165","1,084",985,"1,012","1,168","1,268","1,369","1,626","1,583","1,510","1,688","1,518","1,663","1,554","1,513","1,512","1,428","1,348","1,246","1,228","1,207","1,209","1,231","1,231","1,363","1,475","1,616","1,672","1,664","1,588","1,753","1,622","1,961","2,064","2,337","2,486","2,698","2,704","2,663","2,991","2,817","2,890","3,105","3,105","2,735","3,350","3,143","3,561","3,295","3,110","2,967","2,507","2,404","2,411","1,772","1,705","1,238","1,127","1,311","1,241","1,304","1,232",924,954,890,"1,004",925,773,770,694,538,462,408,336,209,188,130,95,71,59,28,23,55
경기도 여주시 (4167000000),"113,384","113,384",372,431,383,458,482,544,579,583,624,730,811,814,791,931,932,971,874,918,974,858,827,853,874,820,922,"1,085","1,052","1,121","1,153","1,040","1,151","1,197","1,196","1,206","1,167","1,062","1,026","1,092","1,087","1,065","1,078","1,187","1,321","1,528","1,533","1,601","1,634","1,493","1,523","1,543","1,626","1,756","1,998","1,837","1,982","2,114","2,161","2,188","1,987","2,199","2,179","2,241","2,040","2,383","2,592","2,532","2,315","2,252","2,103","2,054","2,004","1,884","1,561","1,820","1,147","1,080","1,021","1,048","1,076","1,034",752,802,737,852,834,607,583,486,406,373,298,259,175,139,106,83,61,50,20,21,29,"113,267","113,267",383,423,389,437,480,540,578,584,615,716,797,819,797,929,930,963,876,914,957,858,803,828,877,823,900,"1,075","1,047","1,114","1,161","1,027","1,152","1,198","1,216","1,179","1,170","1,069","1,045","1,069","1,086","1,061","1,068","1,180","1,318","1,491","1,550","1,576","1,662","1,490","1,516","1,527","1,642","1,753","1,955","1,862","1,943","2,103","2,163","2,181","2,013","2,149","2,197","2,256","2,075","2,398","2,475","2,602","2,315","2,292","2,140","2,004","1,944","1,986","1,565","1,786","1,250","1,082","1,022","1,036","1,076","1,036",757,810,749,818,857,631,563,494,407,369,299,250,180,149,109,81,61,52,16,23,28,"113,253","113,253",392,424,389,427,471,529,584,582,614,726,768,812,824,914,911,969,869,929,954,872,803,797,889,819,870,"1,065","1,047","1,111","1,176","1,027","1,126","1,204","1,221","1,173","1,187","1,080","1,052","1,050","1,077","1,061","1,102","1,140","1,318","1,469","1,566","1,559","1,670","1,489","1,520","1,503","1,644","1,710","1,981","1,895","1,922","2,087","2,142","2,216","2,016","2,145","2,172","2,279","2,021","2,476","2,409","2,628","2,337","2,278","2,196","2,004","1,939","2,014","1,563","1,751","1,348","1,053","1,039","1,019","1,088","1,050",745,799,756,813,850,651,549,506,405,375,302,247,188,140,110,83,59,57,16,21,28
경기도 연천군 (4180000000),"42,383","42,383",185,154,163,146,173,208,184,208,208,244,248,245,247,271,286,318,250,290,313,289,283,304,294,415,501,571,516,423,486,462,507,475,484,490,440,375,345,358,345,340,338,362,406,452,464,458,429,392,452,429,451,571,592,575,695,613,743,710,682,777,803,853,810,906,966,"1,023",962,878,982,893,906,754,589,647,431,444,494,502,529,496,363,393,359,432,427,327,290,250,243,192,155,123,96,68,46,27,35,18,14,9,13,"42,491","42,491",191,156,155,147,163,215,177,209,201,247,242,243,247,276,275,316,267,274,314,304,284,299,303,401,505,566,543,445,478,456,495,479,485,488,446,383,341,361,346,332,343,364,407,436,480,472,423,382,454,438,442,563,595,580,699,629,712,743,649,786,816,848,807,921,938,"1,042",967,891,964,912,864,826,612,620,449,455,482,498,514,526,363,386,365,422,436,332,300,230,249,196,168,117,93,72,42,31,34,18,15,8,10,"42,620","42,620",191,161,153,150,155,211,185,210,201,244,244,241,241,287,270,313,276,268,319,308,283,293,317,390,510,560,554,442,473,457,500,485,476,503,446,385,339,372,347,327,350,358,408,441,470,481,422,376,453,444,432,553,594,602,691,634,695,783,646,783,824,856,768,939,946,"1,058",966,904,958,924,851,858,623,607,462,455,481,493,510,537,366,381,370,423,435,331,298,238,254,194,169,114,94,75,42,30,36,14,17,6,10
경기도 가평군 (4182000000),"61,752","61,752",215,237,184,200,226,240,237,266,310,338,352,319,363,401,446,444,400,422,476,405,430,433,424,455,498,577,583,582,614,626,555,568,574,583,555,515,502,444,483,506,548,533,632,669,714,743,726,673,733,736,803,902,948,983,"1,032","1,080","1,150","1,162","1,135","1,214","1,217","1,323","1,202","1,334","1,467","1,573","1,537","1,454","1,398","1,271","1,334","1,292",997,"1,104",643,688,712,694,684,614,543,599,502,546,492,391,386,347,254,274,199,151,121,92,72,28,33,26,18,10,26,"61,690","61,690",218,226,201,201,214,247,231,259,306,322,363,321,374,388,451,430,421,420,467,388,433,421,411,451,508,566,595,556,611,625,580,561,565,574,556,529,491,442,489,515,553,516,616,672,707,747,751,666,727,728,793,887,961,964,"1,020","1,099","1,126","1,142","1,168","1,183","1,235","1,309","1,215","1,349","1,442","1,539","1,563","1,442","1,437","1,264","1,281","1,368","1,016","1,089",696,691,698,676,687,633,524,598,500,546,507,387,383,355,253,260,212,149,130,93,71,27,30,30,16,9,27,"61,734","61,734",213,229,201,198,213,241,247,252,295,325,358,325,372,390,455,429,419,417,457,407,421,411,427,440,503,563,582,568,598,638,586,545,578,563,554,519,509,453,478,513,541,522,614,659,710,764,753,666,710,729,805,847,990,942,"1,045","1,100","1,092","1,166","1,166","1,198","1,225","1,295","1,185","1,421","1,402","1,553","1,582","1,448","1,429","1,299","1,267","1,395","1,014","1,075",752,674,705,672,684,622,527,582,517,551,505,395,381,356,258,257,205,158,125,93,74,31,28,28,18,8,27
경기도 양평군 (4183000000),"126,208","126,208",430,465,440,491,469,498,573,634,745,812,899,926,947,"1,035","1,032","1,073",983,"1,014","1,026",918,852,855,795,767,924,894,890,912,968,962,"1,046","1,105","1,014","1,130","1,040",995,"1,021",991,"1,011","1,048","1,184","1,213","1,384","1,557","1,627","1,671","1,696","1,575","1,564","1,616","1,758","1,939","1,994","2,100","2,063","2,270","2,209","2,301","2,159","2,291","2,396","2,558","2,499","2,757","3,057","3,237","2,999","2,858","2,777","2,636","2,657","2,456","1,959","2,376","1,438","1,415","1,428","1,387","1,441","1,324","1,047","1,055",979,"1,127",916,730,677,625,527,487,385,311,234,184,141,102,77,53,38,20,37,"126,130","126,130",448,458,452,468,478,484,572,640,716,829,886,917,963,"1,015","1,063","1,069",987,"1,014",985,915,840,833,778,760,903,893,912,895,966,949,"1,039","1,116","1,034","1,120","1,062",993,"1,016",994,"1,011","1,031","1,188","1,200","1,359","1,530","1,640","1,680","1,685","1,567","1,563","1,594","1,756","1,922","1,981","2,128","2,035","2,268","2,182","2,284","2,196","2,251","2,393","2,563","2,524","2,792","2,938","3,250","3,040","2,847","2,809","2,664","2,503","2,664","1,970","2,297","1,559","1,432","1,408","1,397","1,408","1,389","1,026","1,069",958,"1,102",957,752,669,630,516,482,406,319,234,182,138,106,78,55,34,22,35,"126,178","126,178",449,459,453,465,484,495,554,637,706,824,877,909,951,"1,001","1,069","1,072",976,"1,010",984,931,849,851,767,748,884,915,910,898,932,981,"1,022","1,087","1,044","1,118","1,097",978,"1,024","1,016",991,"1,009","1,206","1,196","1,324","1,525","1,668","1,666","1,692","1,565","1,553","1,582","1,747","1,892","1,970","2,162","2,049","2,263","2,161","2,331","2,185","2,231","2,389","2,539","2,461","2,896","2,862","3,258","3,056","2,868","2,819","2,683","2,497","2,723","1,994","2,214","1,662","1,427","1,418","1,377","1,414","1,420",992,"1,077",981,"1,101",972,762,675,631,513,489,410,312,233,193,136,103,81,55,34,22,34
